,Cause,Sex,GeoType,Area code,Area name,Deaths,Rate,RateLowCI,RateHighCI
1162,COVID-19,Persons,Unitary Authority,E06000001,Hartlepool,100,105.8,84.9,126.6
1163,COVID-19,Persons,Unitary Authority,E06000002,Middlesbrough,195,169.2,145.1,193.2
1164,COVID-19,Persons,Unitary Authority,E06000003,Redcar and Cleveland,117,75.6,61.8,89.4
1165,COVID-19,Persons,Unitary Authority,E06000004,Stockton-on-Tees,126,67.5,55.6,79.4
1166,COVID-19,Persons,Unitary Authority,E06000005,Darlington,80,69.3,54.9,86.4
1167,COVID-19,Persons,Unitary Authority,E06000006,Halton,108,97.5,78.8,116.3
1168,COVID-19,Persons,Unitary Authority,E06000007,Warrington,215,110.4,95.6,125.3
1169,COVID-19,Persons,Unitary Authority,E06000008,Blackburn with Darwen,85,81,64.5,100.5
1170,COVID-19,Persons,Unitary Authority,E06000009,Blackpool,118,80.4,65.8,94.9
1171,COVID-19,Persons,Unitary Authority,E06000010,"Kingston upon Hull, City of",168,89.5,75.8,103.2
1172,COVID-19,Persons,Unitary Authority,E06000011,East Riding of Yorkshire,261,60.2,52.8,67.5
1173,COVID-19,Persons,Unitary Authority,E06000012,North East Lincolnshire,34,19.4,13.4,27.1
1174,COVID-19,Persons,Unitary Authority,E06000013,North Lincolnshire,94,51.2,41.4,62.7
1175,COVID-19,Persons,Unitary Authority,E06000014,York,155,73.9,62.2,85.6
1176,COVID-19,Persons,Unitary Authority,E06000015,Derby,277,118.6,104.6,132.7
1177,COVID-19,Persons,Unitary Authority,E06000016,Leicester,248,106.3,92.9,119.6
1178,COVID-19,Persons,Unitary Authority,E06000017,Rutland,21,40.7,25,62.6
1179,COVID-19,Persons,Unitary Authority,E06000018,Nottingham,211,101.1,87.3,114.8
1180,COVID-19,Persons,Unitary Authority,E06000019,"Herefordshire, County of",115,47,38.4,55.7
1181,COVID-19,Persons,Unitary Authority,E06000020,Telford and Wrekin,95,63.6,51.3,77.9
1182,COVID-19,Persons,Unitary Authority,E06000021,Stoke-on-Trent,169,78.2,66.2,90.1
1183,COVID-19,Persons,Unitary Authority,E06000022,Bath and North East Somerset,87,43.4,34.7,53.6
1184,COVID-19,Persons,Unitary Authority,E06000023,"Bristol, City of",230,68.8,59.8,77.7
1185,COVID-19,Persons,Unitary Authority,E06000024,North Somerset,120,44,36.1,51.9
1186,COVID-19,Persons,Unitary Authority,E06000025,South Gloucestershire,162,56.3,47.6,65
1187,COVID-19,Persons,Unitary Authority,E06000026,Plymouth,82,32.8,26,40.7
1188,COVID-19,Persons,Unitary Authority,E06000027,Torbay,57,29.6,22.4,38.4
1189,COVID-19,Persons,Unitary Authority,E06000030,Swindon,158,85.6,72.2,99
1190,COVID-19,Persons,Unitary Authority,E06000031,Peterborough,86,53.6,42.8,66.3
1191,COVID-19,Persons,Unitary Authority,E06000032,Luton,191,128.6,110.2,147
1192,COVID-19,Persons,Unitary Authority,E06000033,Southend-on-Sea,174,90.7,77.1,104.2
1193,COVID-19,Persons,Unitary Authority,E06000034,Thurrock,132,110.3,91.3,129.3
1194,COVID-19,Persons,Unitary Authority,E06000035,Medway,173,79.5,67.6,91.5
1195,COVID-19,Persons,Unitary Authority,E06000036,Bracknell Forest,63,68.3,52.3,87.5
1196,COVID-19,Persons,Unitary Authority,E06000037,West Berkshire,129,83.6,69.1,98
1197,COVID-19,Persons,Unitary Authority,E06000038,Reading,157,139.7,117.7,161.7
1198,COVID-19,Persons,Unitary Authority,E06000039,Slough,104,123.9,99.7,148.1
1199,COVID-19,Persons,Unitary Authority,E06000040,Windsor and Maidenhead,126,77.1,63.5,90.6
1200,COVID-19,Persons,Unitary Authority,E06000041,Wokingham,142,86.8,72.5,101.1
1201,COVID-19,Persons,Unitary Authority,E06000042,Milton Keynes,192,102.7,88,117.3
1202,COVID-19,Persons,Unitary Authority,E06000043,Brighton and Hove,145,65.4,54.7,76.2
1203,COVID-19,Persons,Unitary Authority,E06000044,Portsmouth,100,60.6,48.7,72.5
1204,COVID-19,Persons,Unitary Authority,E06000045,Southampton,158,86.1,72.7,99.6
1205,COVID-19,Persons,Unitary Authority,E06000046,Isle of Wight,76,36.8,29,46.1
1206,COVID-19,Persons,Unitary Authority,E06000047,County Durham,632,120.1,110.6,129.5
1207,COVID-19,Persons,Unitary Authority,E06000049,Cheshire East,458,98.3,89.3,107.3
1208,COVID-19,Persons,Unitary Authority,E06000050,Cheshire West and Chester,341,89.1,79.7,98.6
1209,COVID-19,Persons,Unitary Authority,E06000051,Shropshire,212,52,45,59.1
1210,COVID-19,Persons,Unitary Authority,E06000052,Cornwall,200,28.9,24.8,32.9
1211,COVID-19,Persons,Unitary Authority,E06000053,Isles of Scilly,0,:,:,:
1212,COVID-19,Persons,Unitary Authority,E06000054,Wiltshire,335,58.5,52.3,64.8
1213,COVID-19,Persons,Unitary Authority,E06000055,Bedford,141,85,70.9,99.1
1214,COVID-19,Persons,Unitary Authority,E06000056,Central Bedfordshire,229,87.2,75.8,98.5
1215,COVID-19,Persons,Unitary Authority,E06000057,Northumberland,251,63.8,55.9,71.8
1216,COVID-19,Persons,Unitary Authority,E06000058,"Bournemouth, Christchurch and Poole",176,36,30.6,41.4
1217,COVID-19,Persons,Unitary Authority,E06000059,Dorset,157,26.6,22.4,30.8
1218,COVID-19,Persons,Unitary Authority,E06000060,Buckinghamshire,370,65.8,59.1,72.6
1219,COVID-19,Persons,Non-Metropolitan District,E07000008,Cambridge,79,78.4,61.8,98
1220,COVID-19,Persons,Non-Metropolitan District,E07000009,East Cambridgeshire,48,50.9,37.5,67.5
1221,COVID-19,Persons,Non-Metropolitan District,E07000010,Fenland,71,59.3,46.2,74.8
1222,COVID-19,Persons,Non-Metropolitan District,E07000011,Huntingdonshire,104,57.9,46.7,69
1223,COVID-19,Persons,Non-Metropolitan District,E07000012,South Cambridgeshire,55,33.3,25,43.3
1224,COVID-19,Persons,Non-Metropolitan District,E07000026,Allerdale,62,49.9,38.2,63.9
1225,COVID-19,Persons,Non-Metropolitan District,E07000027,Barrow-in-Furness,74,104.2,81.7,131.1
1226,COVID-19,Persons,Non-Metropolitan District,E07000028,Carlisle,121,97.6,80.2,115
1227,COVID-19,Persons,Non-Metropolitan District,E07000029,Copeland,55,72.7,54.6,94.9
1228,COVID-19,Persons,Non-Metropolitan District,E07000030,Eden,38,51.7,36.4,71.2
1229,COVID-19,Persons,Non-Metropolitan District,E07000031,South Lakeland,143,90.4,75.6,105.3
1230,COVID-19,Persons,Non-Metropolitan District,E07000032,Amber Valley,87,60.9,48.8,75.2
1231,COVID-19,Persons,Non-Metropolitan District,E07000033,Bolsover,52,65.3,48.7,85.8
1232,COVID-19,Persons,Non-Metropolitan District,E07000034,Chesterfield,78,68.8,54.4,85.9
1233,COVID-19,Persons,Non-Metropolitan District,E07000035,Derbyshire Dales,66,67,51.8,85.3
1234,COVID-19,Persons,Non-Metropolitan District,E07000036,Erewash,80,64.4,51,80.1
1235,COVID-19,Persons,Non-Metropolitan District,E07000037,High Peak,91,96.7,77.7,118.9
1236,COVID-19,Persons,Non-Metropolitan District,E07000038,North East Derbyshire,129,109.9,90.7,129.2
1237,COVID-19,Persons,Non-Metropolitan District,E07000039,South Derbyshire,101,106.7,85.8,127.6
1238,COVID-19,Persons,Non-Metropolitan District,E07000040,East Devon,44,17.8,12.8,24
1239,COVID-19,Persons,Non-Metropolitan District,E07000041,Exeter,38,32,22.5,44.1
1240,COVID-19,Persons,Non-Metropolitan District,E07000042,Mid Devon,16,16,9.2,26
1241,COVID-19,Persons,Non-Metropolitan District,E07000043,North Devon,26,20.1,13.1,29.5
1242,COVID-19,Persons,Non-Metropolitan District,E07000044,South Hams,12,9.5,4.9,16.7
1243,COVID-19,Persons,Non-Metropolitan District,E07000045,Teignbridge,32,17.2,11.8,24.4
1244,COVID-19,Persons,Non-Metropolitan District,E07000046,Torridge,19,21.3,12.8,33.2
1245,COVID-19,Persons,Non-Metropolitan District,E07000047,West Devon,15,18,10.1,29.7
1246,COVID-19,Persons,Non-Metropolitan District,E07000061,Eastbourne,64,37.8,29,48.4
1247,COVID-19,Persons,Non-Metropolitan District,E07000062,Hastings,9,8.7,3.9,16.5
1248,COVID-19,Persons,Non-Metropolitan District,E07000063,Lewes,103,66.9,53.8,80
1249,COVID-19,Persons,Non-Metropolitan District,E07000064,Rother,49,30.6,22.3,41
1250,COVID-19,Persons,Non-Metropolitan District,E07000065,Wealden,99,44.1,35.8,53.7
1251,COVID-19,Persons,Non-Metropolitan District,E07000066,Basildon,186,109.6,93.8,125.5
1252,COVID-19,Persons,Non-Metropolitan District,E07000067,Braintree,109,68.4,55.6,81.3
1253,COVID-19,Persons,Non-Metropolitan District,E07000068,Brentwood,78,87.6,69,109.6
1254,COVID-19,Persons,Non-Metropolitan District,E07000069,Castle Point,72,63.9,49.8,80.8
1255,COVID-19,Persons,Non-Metropolitan District,E07000070,Chelmsford,136,75.1,62.4,87.8
1256,COVID-19,Persons,Non-Metropolitan District,E07000071,Colchester,105,61.3,49.5,73.1
1257,COVID-19,Persons,Non-Metropolitan District,E07000072,Epping Forest,177,125.1,106.6,143.7
1258,COVID-19,Persons,Non-Metropolitan District,E07000073,Harlow,71,97.4,75.8,123.1
1259,COVID-19,Persons,Non-Metropolitan District,E07000074,Maldon,32,40.7,27.8,57.6
1260,COVID-19,Persons,Non-Metropolitan District,E07000075,Rochford,79,77.5,61.3,96.8
1261,COVID-19,Persons,Non-Metropolitan District,E07000076,Tendring,147,64.2,53.7,74.6
1262,COVID-19,Persons,Non-Metropolitan District,E07000077,Uttlesford,60,61.2,46.7,78.8
1263,COVID-19,Persons,Non-Metropolitan District,E07000078,Cheltenham,132,101.6,84.1,119
1264,COVID-19,Persons,Non-Metropolitan District,E07000079,Cotswold,57,47.2,35.7,61.3
1265,COVID-19,Persons,Non-Metropolitan District,E07000080,Forest of Dean,45,42.5,31,57
1266,COVID-19,Persons,Non-Metropolitan District,E07000081,Gloucester,144,125.1,104.7,145.6
1267,COVID-19,Persons,Non-Metropolitan District,E07000082,Stroud,89,65.9,52.8,81.3
1268,COVID-19,Persons,Non-Metropolitan District,E07000083,Tewkesbury,102,94.3,76,112.7
1269,COVID-19,Persons,Non-Metropolitan District,E07000084,Basingstoke and Deane,109,69.6,56.5,82.8
1270,COVID-19,Persons,Non-Metropolitan District,E07000085,East Hampshire,79,50.6,40,63.1
1271,COVID-19,Persons,Non-Metropolitan District,E07000086,Eastleigh,92,66.2,53.3,81.2
1272,COVID-19,Persons,Non-Metropolitan District,E07000087,Fareham,94,63.9,51.6,78.3
1273,COVID-19,Persons,Non-Metropolitan District,E07000088,Gosport,55,61.8,46.5,80.5
1274,COVID-19,Persons,Non-Metropolitan District,E07000089,Hart,42,40.6,29.2,54.9
1275,COVID-19,Persons,Non-Metropolitan District,E07000090,Havant,105,65,52.5,77.6
1276,COVID-19,Persons,Non-Metropolitan District,E07000091,New Forest,124,41,33.7,48.3
1277,COVID-19,Persons,Non-Metropolitan District,E07000092,Rushmoor,77,104.2,82.2,130.4
1278,COVID-19,Persons,Non-Metropolitan District,E07000093,Test Valley,107,75.4,61.1,89.8
1279,COVID-19,Persons,Non-Metropolitan District,E07000094,Winchester,104,68.8,55.5,82.1
1280,COVID-19,Persons,Non-Metropolitan District,E07000095,Broxbourne,74,78.2,61.2,98.4
1281,COVID-19,Persons,Non-Metropolitan District,E07000096,Dacorum,115,78.5,64.1,93
1282,COVID-19,Persons,Non-Metropolitan District,E07000098,Hertsmere,174,161.6,137.4,185.8
1283,COVID-19,Persons,Non-Metropolitan District,E07000099,North Hertfordshire,92,66,53.1,81.1
1284,COVID-19,Persons,Non-Metropolitan District,E07000102,Three Rivers,86,91.7,73.2,113.4
1285,COVID-19,Persons,Non-Metropolitan District,E07000103,Watford,112,153.8,125.1,182.5
1286,COVID-19,Persons,Non-Metropolitan District,E07000105,Ashford,100,77.4,62.2,92.6
1287,COVID-19,Persons,Non-Metropolitan District,E07000106,Canterbury,102,55.7,44.9,66.6
1288,COVID-19,Persons,Non-Metropolitan District,E07000107,Dartford,102,117.5,94.5,140.4
1289,COVID-19,Persons,Non-Metropolitan District,E07000108,Dover,85,61,48.7,75.6
1290,COVID-19,Persons,Non-Metropolitan District,E07000109,Gravesham,79,79.5,62.9,99.2
1291,COVID-19,Persons,Non-Metropolitan District,E07000110,Maidstone,105,60.8,49.1,72.5
1292,COVID-19,Persons,Non-Metropolitan District,E07000111,Sevenoaks,90,64.2,51.5,79
1293,COVID-19,Persons,Non-Metropolitan District,E07000112,Folkestone and Hythe,92,64.1,51.6,78.7
1294,COVID-19,Persons,Non-Metropolitan District,E07000113,Swale,106,75.6,61.1,90.1
1295,COVID-19,Persons,Non-Metropolitan District,E07000114,Thanet,132,76.5,63.4,89.6
1296,COVID-19,Persons,Non-Metropolitan District,E07000115,Tonbridge and Malling,65,51.7,39.9,66
1297,COVID-19,Persons,Non-Metropolitan District,E07000116,Tunbridge Wells,56,42,31.6,54.7
1298,COVID-19,Persons,Non-Metropolitan District,E07000117,Burnley,55,66.2,49.9,86.2
1299,COVID-19,Persons,Non-Metropolitan District,E07000118,Chorley,96,87.9,71.1,107.5
1300,COVID-19,Persons,Non-Metropolitan District,E07000119,Fylde,78,65.2,51.4,81.5
1301,COVID-19,Persons,Non-Metropolitan District,E07000120,Hyndburn,52,71,52.9,93.3
1302,COVID-19,Persons,Non-Metropolitan District,E07000121,Lancaster,66,44,34,56
1303,COVID-19,Persons,Non-Metropolitan District,E07000122,Pendle,67,78,60.4,99.1
1304,COVID-19,Persons,Non-Metropolitan District,E07000123,Preston,114,104.9,85.4,124.3
1305,COVID-19,Persons,Non-Metropolitan District,E07000124,Ribble Valley,22,30.5,19,46.4
1306,COVID-19,Persons,Non-Metropolitan District,E07000125,Rossendale,50,79.1,58.6,104.4
1307,COVID-19,Persons,Non-Metropolitan District,E07000126,South Ribble,79,66.8,52.8,83.3
1308,COVID-19,Persons,Non-Metropolitan District,E07000127,West Lancashire,108,85.4,69.2,101.6
1309,COVID-19,Persons,Non-Metropolitan District,E07000128,Wyre,98,59.8,48.5,73
1310,COVID-19,Persons,Non-Metropolitan District,E07000129,Blaby,64,60.4,46.4,77.2
1311,COVID-19,Persons,Non-Metropolitan District,E07000130,Charnwood,102,59.6,48,71.2
1312,COVID-19,Persons,Non-Metropolitan District,E07000131,Harborough,56,52.9,39.9,68.7
1313,COVID-19,Persons,Non-Metropolitan District,E07000132,Hinckley and Bosworth,81,65.6,52,81.6
1314,COVID-19,Persons,Non-Metropolitan District,E07000133,Melton,26,45.2,29.5,66.2
1315,COVID-19,Persons,Non-Metropolitan District,E07000134,North West Leicestershire,59,58.9,44.8,76.1
1316,COVID-19,Persons,Non-Metropolitan District,E07000135,Oadby and Wigston,49,66.1,48.6,87.7
1317,COVID-19,Persons,Non-Metropolitan District,E07000136,Boston,33,44.5,30.6,62.5
1318,COVID-19,Persons,Non-Metropolitan District,E07000137,East Lindsey,45,22.7,16.5,30.5
1319,COVID-19,Persons,Non-Metropolitan District,E07000138,Lincoln,23,27.7,17.5,41.7
1320,COVID-19,Persons,Non-Metropolitan District,E07000139,North Kesteven,41,28.6,20.5,38.8
1321,COVID-19,Persons,Non-Metropolitan District,E07000140,South Holland,48,40.2,29.6,53.3
1322,COVID-19,Persons,Non-Metropolitan District,E07000141,South Kesteven,55,33.2,25,43.3
1323,COVID-19,Persons,Non-Metropolitan District,E07000142,West Lindsey,23,20.2,12.8,30.4
1324,COVID-19,Persons,Non-Metropolitan District,E07000143,Breckland,85,45,35.9,55.6
1325,COVID-19,Persons,Non-Metropolitan District,E07000144,Broadland,67,38.2,29.6,48.6
1326,COVID-19,Persons,Non-Metropolitan District,E07000145,Great Yarmouth,39,31.3,22.2,42.8
1327,COVID-19,Persons,Non-Metropolitan District,E07000146,King's Lynn and West Norfolk,135,67.5,56,79
1328,COVID-19,Persons,Non-Metropolitan District,E07000147,North Norfolk,49,26.9,19.8,35.6
1329,COVID-19,Persons,Non-Metropolitan District,E07000148,Norwich,21,17.5,10.8,26.9
1330,COVID-19,Persons,Non-Metropolitan District,E07000149,South Norfolk,52,28.6,21.3,37.6
1331,COVID-19,Persons,Non-Metropolitan District,E07000150,Corby,43,86.6,62.3,117
1332,COVID-19,Persons,Non-Metropolitan District,E07000151,Daventry,60,70.3,53.5,90.6
1333,COVID-19,Persons,Non-Metropolitan District,E07000152,East Northamptonshire,82,82.1,65.3,101.9
1334,COVID-19,Persons,Non-Metropolitan District,E07000153,Kettering,82,86.4,68.7,107.3
1335,COVID-19,Persons,Non-Metropolitan District,E07000154,Northampton,230,127,110.5,143.5
1336,COVID-19,Persons,Non-Metropolitan District,E07000155,South Northamptonshire,48,52.1,38.3,69.2
1337,COVID-19,Persons,Non-Metropolitan District,E07000156,Wellingborough,61,81.1,62,104.3
1338,COVID-19,Persons,Non-Metropolitan District,E07000163,Craven,62,75.5,57.8,96.9
1339,COVID-19,Persons,Non-Metropolitan District,E07000164,Hambleton,61,50,38.1,64.3
1340,COVID-19,Persons,Non-Metropolitan District,E07000165,Harrogate,153,71.8,60.3,83.2
1341,COVID-19,Persons,Non-Metropolitan District,E07000166,Richmondshire,42,73.2,52.6,99
1342,COVID-19,Persons,Non-Metropolitan District,E07000167,Ryedale,28,36.4,24.1,52.6
1343,COVID-19,Persons,Non-Metropolitan District,E07000168,Scarborough,76,50.3,39.5,63
1344,COVID-19,Persons,Non-Metropolitan District,E07000169,Selby,41,45.7,32.7,62.1
1345,COVID-19,Persons,Non-Metropolitan District,E07000170,Ashfield,133,111.4,92.3,130.5
1346,COVID-19,Persons,Non-Metropolitan District,E07000171,Bassetlaw,53,41.6,31.1,54.5
1347,COVID-19,Persons,Non-Metropolitan District,E07000172,Broxtowe,92,74.1,59.7,91
1348,COVID-19,Persons,Non-Metropolitan District,E07000173,Gedling,114,93.8,76.3,111.2
1349,COVID-19,Persons,Non-Metropolitan District,E07000174,Mansfield,61,56.4,43.1,72.5
1350,COVID-19,Persons,Non-Metropolitan District,E07000175,Newark and Sherwood,71,53.6,41.8,67.6
1351,COVID-19,Persons,Non-Metropolitan District,E07000176,Rushcliffe,77,55.5,43.8,69.5
1352,COVID-19,Persons,Non-Metropolitan District,E07000177,Cherwell,113,76.6,62.5,90.8
1353,COVID-19,Persons,Non-Metropolitan District,E07000178,Oxford,70,64.4,50.1,81.6
1354,COVID-19,Persons,Non-Metropolitan District,E07000179,South Oxfordshire,110,67.5,54.8,80.1
1355,COVID-19,Persons,Non-Metropolitan District,E07000180,Vale of White Horse,119,80.1,65.6,94.5
1356,COVID-19,Persons,Non-Metropolitan District,E07000181,West Oxfordshire,112,83.1,67.6,98.5
1357,COVID-19,Persons,Non-Metropolitan District,E07000187,Mendip,26,18.1,11.8,26.5
1358,COVID-19,Persons,Non-Metropolitan District,E07000188,Sedgemoor,61,40.6,30.9,52.2
1359,COVID-19,Persons,Non-Metropolitan District,E07000189,South Somerset,51,22.9,17,30.1
1360,COVID-19,Persons,Non-Metropolitan District,E07000192,Cannock Chase,70,71.3,55.5,90.1
1361,COVID-19,Persons,Non-Metropolitan District,E07000193,East Staffordshire,139,118.2,98.5,137.9
1362,COVID-19,Persons,Non-Metropolitan District,E07000194,Lichfield,108,87.5,70.9,104.1
1363,COVID-19,Persons,Non-Metropolitan District,E07000195,Newcastle-under-Lyme,120,88.9,72.9,104.8
1364,COVID-19,Persons,Non-Metropolitan District,E07000196,South Staffordshire,86,61.3,49,75.8
1365,COVID-19,Persons,Non-Metropolitan District,E07000197,Stafford,106,68,55,81
1366,COVID-19,Persons,Non-Metropolitan District,E07000198,Staffordshire Moorlands,60,50.9,38.7,65.7
1367,COVID-19,Persons,Non-Metropolitan District,E07000199,Tamworth,55,79.6,59.7,103.8
1368,COVID-19,Persons,Non-Metropolitan District,E07000200,Babergh,53,41.8,31.2,54.8
1369,COVID-19,Persons,Non-Metropolitan District,E07000202,Ipswich,119,91.2,74.7,107.7
1370,COVID-19,Persons,Non-Metropolitan District,E07000203,Mid Suffolk,64,50.3,38.7,64.2
1371,COVID-19,Persons,Non-Metropolitan District,E07000207,Elmbridge,96,65.1,52.6,79.8
1372,COVID-19,Persons,Non-Metropolitan District,E07000208,Epsom and Ewell,78,97.9,77.3,122.3
1373,COVID-19,Persons,Non-Metropolitan District,E07000209,Guildford,83,60.1,47.8,74.5
1374,COVID-19,Persons,Non-Metropolitan District,E07000210,Mole Valley,101,88.1,70.7,105.5
1375,COVID-19,Persons,Non-Metropolitan District,E07000211,Reigate and Banstead,170,107.2,90.9,123.4
1376,COVID-19,Persons,Non-Metropolitan District,E07000212,Runnymede,61,72,54.9,92.6
1377,COVID-19,Persons,Non-Metropolitan District,E07000213,Spelthorne,86,84.4,67.4,104.3
1378,COVID-19,Persons,Non-Metropolitan District,E07000214,Surrey Heath,84,84.6,67.4,104.8
1379,COVID-19,Persons,Non-Metropolitan District,E07000215,Tandridge,84,81.5,64.9,101.1
1380,COVID-19,Persons,Non-Metropolitan District,E07000216,Waverley,129,76.9,63.4,90.4
1381,COVID-19,Persons,Non-Metropolitan District,E07000217,Woking,67,67,51.8,85.2
1382,COVID-19,Persons,Non-Metropolitan District,E07000218,North Warwickshire,72,100.8,78.9,127
1383,COVID-19,Persons,Non-Metropolitan District,E07000219,Nuneaton and Bedworth,127,103.8,85.5,122
1384,COVID-19,Persons,Non-Metropolitan District,E07000220,Rugby,70,62.7,48.9,79.3
1385,COVID-19,Persons,Non-Metropolitan District,E07000221,Stratford-on-Avon,160,89.3,75.4,103.2
1386,COVID-19,Persons,Non-Metropolitan District,E07000222,Warwick,91,60.4,48.6,74.2
1387,COVID-19,Persons,Non-Metropolitan District,E07000223,Adur,39,49.4,35,67.6
1388,COVID-19,Persons,Non-Metropolitan District,E07000224,Arun,61,24.2,18.4,31.1
1389,COVID-19,Persons,Non-Metropolitan District,E07000225,Chichester,77,41.2,32.5,51.6
1390,COVID-19,Persons,Non-Metropolitan District,E07000226,Crawley,73,82.2,64.3,103.6
1391,COVID-19,Persons,Non-Metropolitan District,E07000227,Horsham,107,60.6,49,72.1
1392,COVID-19,Persons,Non-Metropolitan District,E07000228,Mid Sussex,159,92.7,78.2,107.2
1393,COVID-19,Persons,Non-Metropolitan District,E07000229,Worthing,71,48.6,37.8,61.4
1394,COVID-19,Persons,Non-Metropolitan District,E07000234,Bromsgrove,130,104.8,86.7,122.9
1395,COVID-19,Persons,Non-Metropolitan District,E07000235,Malvern Hills,46,38.7,28.3,51.7
1396,COVID-19,Persons,Non-Metropolitan District,E07000236,Redditch,55,74.5,56,97.1
1397,COVID-19,Persons,Non-Metropolitan District,E07000237,Worcester,57,61.8,46.8,80.2
1398,COVID-19,Persons,Non-Metropolitan District,E07000238,Wychavon,99,58.2,47.3,70.9
1399,COVID-19,Persons,Non-Metropolitan District,E07000239,Wyre Forest,112,89.7,73,106.4
1400,COVID-19,Persons,Non-Metropolitan District,E07000240,St Albans,118,84.4,69,99.7
1401,COVID-19,Persons,Non-Metropolitan District,E07000241,Welwyn Hatfield,104,92.9,74.8,111
1402,COVID-19,Persons,Non-Metropolitan District,E07000242,East Hertfordshire,97,66,53.4,80.5
1403,COVID-19,Persons,Non-Metropolitan District,E07000243,Stevenage,57,76.7,57.9,99.6
1404,COVID-19,Persons,Non-Metropolitan District,E07000244,East Suffolk,205,56.2,48.5,64
1405,COVID-19,Persons,Non-Metropolitan District,E07000245,West Suffolk,69,33.5,26,42.4
1406,COVID-19,Persons,Non-Metropolitan District,E07000246,Somerset West and Taunton,45,21,15.2,28.2
1407,COVID-19,Persons,Metropolitan District,E08000001,Bolton,298,120.7,106.9,134.5
1408,COVID-19,Persons,Metropolitan District,E08000002,Bury,202,113.8,98.1,129.5
1409,COVID-19,Persons,Metropolitan District,E08000003,Manchester,365,135.5,121.5,149.6
1410,COVID-19,Persons,Metropolitan District,E08000004,Oldham,241,125,109.2,140.9
1411,COVID-19,Persons,Metropolitan District,E08000005,Rochdale,196,106.4,91.5,121.4
1412,COVID-19,Persons,Metropolitan District,E08000006,Salford,305,159.9,141.9,178
1413,COVID-19,Persons,Metropolitan District,E08000007,Stockport,325,103.5,92.2,114.9
1414,COVID-19,Persons,Metropolitan District,E08000008,Tameside,241,123.9,108,139.7
1415,COVID-19,Persons,Metropolitan District,E08000009,Trafford,210,90.6,78.3,102.9
1416,COVID-19,Persons,Metropolitan District,E08000010,Wigan,319,109.6,97.4,121.9
1417,COVID-19,Persons,Metropolitan District,E08000011,Knowsley,136,100.7,83.7,117.8
1418,COVID-19,Persons,Metropolitan District,E08000012,Liverpool,550,144.5,132.3,156.6
1419,COVID-19,Persons,Metropolitan District,E08000013,St. Helens,187,103,88,117.9
1420,COVID-19,Persons,Metropolitan District,E08000014,Sefton,269,77.3,68,86.6
1421,COVID-19,Persons,Metropolitan District,E08000015,Wirral,398,107.8,97.2,118.4
1422,COVID-19,Persons,Metropolitan District,E08000016,Barnsley,212,89.8,77.6,102
1423,COVID-19,Persons,Metropolitan District,E08000017,Doncaster,201,67.1,57.8,76.5
1424,COVID-19,Persons,Metropolitan District,E08000018,Rotherham,269,102,89.7,114.2
1425,COVID-19,Persons,Metropolitan District,E08000019,Sheffield,538,107.2,98.1,116.3
1426,COVID-19,Persons,Metropolitan District,E08000021,Newcastle upon Tyne,228,96.5,83.9,109.2
1427,COVID-19,Persons,Metropolitan District,E08000022,North Tyneside,147,69.2,58,80.5
1428,COVID-19,Persons,Metropolitan District,E08000023,South Tyneside,154,98.1,82.5,113.7
1429,COVID-19,Persons,Metropolitan District,E08000024,Sunderland,330,123.8,110.1,137.5
1430,COVID-19,Persons,Metropolitan District,E08000025,Birmingham,1150,139.9,131.7,148
1431,COVID-19,Persons,Metropolitan District,E08000026,Coventry,273,101.2,89.1,113.2
1432,COVID-19,Persons,Metropolitan District,E08000027,Dudley,288,86.8,76.7,96.9
1433,COVID-19,Persons,Metropolitan District,E08000028,Sandwell,340,129.6,115.8,143.5
1434,COVID-19,Persons,Metropolitan District,E08000029,Solihull,262,104,91.3,116.7
1435,COVID-19,Persons,Metropolitan District,E08000030,Walsall,357,134.8,120.7,148.9
1436,COVID-19,Persons,Metropolitan District,E08000031,Wolverhampton,290,120.6,106.7,134.6
1437,COVID-19,Persons,Metropolitan District,E08000032,Bradford,445,105.9,96,115.8
1438,COVID-19,Persons,Metropolitan District,E08000033,Calderdale,108,54.8,44.4,65.1
1439,COVID-19,Persons,Metropolitan District,E08000034,Kirklees,286,72.5,64.1,81
1440,COVID-19,Persons,Metropolitan District,E08000035,Leeds,647,102.8,94.8,110.7
1441,COVID-19,Persons,Metropolitan District,E08000036,Wakefield,313,95,84.4,105.5
1442,COVID-19,Persons,Metropolitan District,E08000037,Gateshead,227,110,95.6,124.4
1443,COVID-19,Persons,London Borough,E09000001,City of London,4,42.6,10.8,110.8
1444,COVID-19,Persons,London Borough,E09000002,Barking and Dagenham,161,139.5,117.5,161.5
1445,COVID-19,Persons,London Borough,E09000003,Barnet,446,137.7,124.8,150.6
1446,COVID-19,Persons,London Borough,E09000004,Bexley,212,91.6,79.2,104.1
1447,COVID-19,Persons,London Borough,E09000005,Brent,474,210.9,191.7,230.1
1448,COVID-19,Persons,London Borough,E09000006,Bromley,328,102.7,91.5,113.9
1449,COVID-19,Persons,London Borough,E09000007,Camden,157,89.7,75.6,103.9
1450,COVID-19,Persons,London Borough,E09000008,Croydon,473,161.9,147.2,176.6
1451,COVID-19,Persons,London Borough,E09000009,Ealing,393,163.4,147.1,179.7
1452,COVID-19,Persons,London Borough,E09000010,Enfield,377,151.9,136.4,167.4
1453,COVID-19,Persons,London Borough,E09000011,Greenwich,220,130.5,112.9,148.1
1454,COVID-19,Persons,London Borough,E09000012,Hackney,221,182.9,158.1,207.7
1455,COVID-19,Persons,London Borough,E09000013,Hammersmith and Fulham,165,155.3,131.3,179.2
1456,COVID-19,Persons,London Borough,E09000014,Haringey,261,177.9,155.8,199.9
1457,COVID-19,Persons,London Borough,E09000015,Harrow,386,178,160.1,195.9
1458,COVID-19,Persons,London Borough,E09000016,Havering,270,103.9,91.4,116.4
1459,COVID-19,Persons,London Borough,E09000017,Hillingdon,307,134.9,119.7,150.1
1460,COVID-19,Persons,London Borough,E09000018,Hounslow,219,124,107.3,140.7
1461,COVID-19,Persons,London Borough,E09000019,Islington,148,131.2,109.8,152.7
1462,COVID-19,Persons,London Borough,E09000020,Kensington and Chelsea,121,92.8,76.2,109.3
1463,COVID-19,Persons,London Borough,E09000021,Kingston upon Thames,127,92.9,76.6,109.2
1464,COVID-19,Persons,London Borough,E09000022,Lambeth,271,166.9,146.4,187.4
1465,COVID-19,Persons,London Borough,E09000023,Lewisham,280,168.1,147.9,188.3
1466,COVID-19,Persons,London Borough,E09000024,Merton,195,134.9,115.8,154.1
1467,COVID-19,Persons,London Borough,E09000025,Newham,299,196.8,173.6,219.9
1468,COVID-19,Persons,London Borough,E09000026,Redbridge,306,141.1,125.1,157
1469,COVID-19,Persons,London Borough,E09000027,Richmond upon Thames,145,85.4,71.5,99.4
1470,COVID-19,Persons,London Borough,E09000028,Southwark,241,161.4,140.6,182.2
1471,COVID-19,Persons,London Borough,E09000029,Sutton,169,96.7,82,111.4
1472,COVID-19,Persons,London Borough,E09000030,Tower Hamlets,183,164.1,139.6,188.6
1473,COVID-19,Persons,London Borough,E09000031,Waltham Forest,240,143.3,125,161.6
1474,COVID-19,Persons,London Borough,E09000032,Wandsworth,208,120.3,103.6,137
1475,COVID-19,Persons,London Borough,E09000033,Westminster,181,103.2,88.1,118.4
1476,COVID-19,Persons,County,E10000003,Cambridgeshire,357,54.2,48.5,59.8
1477,COVID-19,Persons,County,E10000006,Cumbria,493,78.7,71.7,85.6
1478,COVID-19,Persons,County,E10000007,Derbyshire,684,78.8,72.9,84.7
1479,COVID-19,Persons,County,E10000008,Devon,202,18.8,16.2,21.5
1480,COVID-19,Persons,County,E10000011,East Sussex,324,40.1,35.7,44.5
1481,COVID-19,Persons,County,E10000012,Essex,1252,78.2,73.9,82.5
1482,COVID-19,Persons,County,E10000013,Gloucestershire,569,80.4,73.7,87
1483,COVID-19,Persons,County,E10000014,Hampshire,988,61.1,57.3,64.9
1484,COVID-19,Persons,County,E10000015,Hertfordshire,1029,91,85.4,96.6
1485,COVID-19,Persons,County,E10000016,Kent,1114,66.9,63,70.8
1486,COVID-19,Persons,County,E10000017,Lancashire,885,69.3,64.7,73.9
1487,COVID-19,Persons,County,E10000018,Leicestershire,437,59.4,53.8,65
1488,COVID-19,Persons,County,E10000019,Lincolnshire,268,29.9,26.3,33.5
1489,COVID-19,Persons,County,E10000020,Norfolk,448,38.3,34.7,41.8
1490,COVID-19,Persons,County,E10000021,Northamptonshire,606,89.5,82.4,96.6
1491,COVID-19,Persons,County,E10000023,North Yorkshire,463,58.6,53.3,64
1492,COVID-19,Persons,County,E10000024,Nottinghamshire,601,69,63.5,74.5
1493,COVID-19,Persons,County,E10000025,Oxfordshire,524,74.6,68.2,81
1494,COVID-19,Persons,County,E10000027,Somerset,183,25.1,21.4,28.8
1495,COVID-19,Persons,County,E10000028,Staffordshire,744,77.8,72.1,83.4
1496,COVID-19,Persons,County,E10000029,Suffolk,510,53.3,48.6,57.9
1497,COVID-19,Persons,County,E10000030,Surrey,1039,79.8,74.9,84.7
1498,COVID-19,Persons,County,E10000031,Warwickshire,520,82.6,75.5,89.7
1499,COVID-19,Persons,County,E10000032,West Sussex,587,53.6,49.3,58
1500,COVID-19,Persons,County,E10000034,Worcestershire,499,71.1,64.9,77.4
1501,COVID-19,Persons,Metropolitan County,E11000001,Greater Manchester,2702,117.9,113.4,122.4
1502,COVID-19,Persons,Metropolitan County,E11000002,Merseyside,1540,108.8,103.4,114.3
1503,COVID-19,Persons,Metropolitan County,E11000003,South Yorkshire,1220,94,88.7,99.3
1504,COVID-19,Persons,Metropolitan County,E11000005,West Midlands,2960,121.3,116.9,125.7
1505,COVID-19,Persons,Metropolitan County,E11000006,West Yorkshire,1799,91.2,87,95.4
1506,COVID-19,Persons,Metropolitan County,E11000007,Tyne and Wear,1086,101,95,107.1
1507,COVID-19,Persons,Region,E12000001,North East,2587,97.3,93.5,101
1508,COVID-19,Persons,Region,E12000002,North West,6945,98.9,96.6,101.3
1509,COVID-19,Persons,Region,E12000003,Yorkshire and The Humber,4194,79.9,77.5,82.3
1510,COVID-19,Persons,Region,E12000004,East Midlands,3353,70.3,67.9,72.6
1511,COVID-19,Persons,Region,E12000005,West Midlands,5314,92.6,90.1,95.1
1512,COVID-19,Persons,Region,E12000006,East of England,4549,69.5,67.4,71.5
1513,COVID-19,Persons,Region,E12000007,London,8188,137.6,134.6,140.6
1514,COVID-19,Persons,Region,E12000008,South East,6511,67.3,65.6,68.9
1515,COVID-19,Persons,Region,E12000009,South West,2718,41.2,39.6,42.7
1516,COVID-19,Persons,Country,E92000001,England,44359,81.9,81.2,82.7
1517,COVID-19,Persons,Other,J99000001,Usual residence outside England and Wales,71,z,z,z
1518,COVID-19,Persons,Country,"K04000001, J99000001","ENGLAND, WALES AND ELSEWHERE",46687,81.2,80.5,82
1519,COVID-19,Persons,Unitary Authority,W06000001,Isle of Anglesey,27,28.5,18.8,41.5
1520,COVID-19,Persons,Unitary Authority,W06000002,Gwynedd,60,41,31.3,52.8
1521,COVID-19,Persons,Unitary Authority,W06000003,Conwy,67,38.2,29.5,48.6
1522,COVID-19,Persons,Unitary Authority,W06000004,Denbighshire,82,75.7,60,94.2
1523,COVID-19,Persons,Unitary Authority,W06000005,Flintshire,114,69.8,56.9,82.7
1524,COVID-19,Persons,Unitary Authority,W06000006,Wrexham,62,45,34.5,57.7
1525,COVID-19,Persons,Unitary Authority,W06000008,Ceredigion,7,7.2,2.9,14.9
1526,COVID-19,Persons,Unitary Authority,W06000009,Pembrokeshire,40,23.8,16.9,32.4
1527,COVID-19,Persons,Unitary Authority,W06000010,Carmarthenshire,80,35.3,27.9,43.9
1528,COVID-19,Persons,Unitary Authority,W06000011,Swansea,194,76.6,65.8,87.4
1529,COVID-19,Persons,Unitary Authority,W06000012,Neath Port Talbot,98,66.6,54,81.3
1530,COVID-19,Persons,Unitary Authority,W06000013,Bridgend,86,60.6,48.3,75
1531,COVID-19,Persons,Unitary Authority,W06000014,Vale of Glamorgan,90,63,50.6,77.5
1532,COVID-19,Persons,Unitary Authority,W06000015,Cardiff,351,124.5,111.5,137.6
1533,COVID-19,Persons,Unitary Authority,W06000016,Rhondda Cynon Taf,266,118.5,104.2,132.9
1534,COVID-19,Persons,Unitary Authority,W06000018,Caerphilly,128,75.7,62.4,88.9
1535,COVID-19,Persons,Unitary Authority,W06000019,Blaenau Gwent,62,89.5,68.4,114.9
1536,COVID-19,Persons,Unitary Authority,W06000020,Torfaen,64,66,50.7,84.4
1537,COVID-19,Persons,Unitary Authority,W06000021,Monmouthshire,71,57,44.5,71.9
1538,COVID-19,Persons,Unitary Authority,W06000022,Newport,158,116.9,98.6,135.2
1539,COVID-19,Persons,Unitary Authority,W06000023,Powys,87,47.6,38,58.8
1540,COVID-19,Persons,Unitary Authority,W06000024,Merthyr Tydfil,63,111,85.1,142.3
1541,COVID-19,Persons,Local Health Board,W11000023,Betsi Cadwaladr University Health Board,412,49.7,44.9,54.5
1542,COVID-19,Persons,Local Health Board,W11000024,Powys Teaching Health Board,87,47.6,38,58.8
1543,COVID-19,Persons,Local Health Board,W11000025,Hywel Dda University Health Board,127,25.9,21.4,30.4
1544,COVID-19,Persons,Local Health Board,W11000028,Aneurin Bevan University Health Board,483,81.8,74.5,89.1
1545,COVID-19,Persons,Local Health Board,W11000029,Cardiff and Vale University Health Board,441,103.8,94.1,113.5
1546,COVID-19,Persons,Local Health Board,W11000030,Cwm Taf Morgannwg University Health Board,415,97.8,88.3,107.3
1547,COVID-19,Persons,Local Health Board,W11000031,Swansea Bay University Health Board,292,72.9,64.5,81.3
1548,COVID-19,Persons,Country,W92000004,Wales,2257,67.6,64.8,70.4
1549,COVID-19,Males,Unitary Authority,E06000001,Hartlepool,48,126.8,92.6,169.2
1550,COVID-19,Males,Unitary Authority,E06000002,Middlesbrough,94,194.9,155.5,240.8
1551,COVID-19,Males,Unitary Authority,E06000003,Redcar and Cleveland,62,93.8,71.4,121
1552,COVID-19,Males,Unitary Authority,E06000004,Stockton-on-Tees,59,72.1,54.6,93.3
1553,COVID-19,Males,Unitary Authority,E06000005,Darlington,49,103.9,76.3,138
1554,COVID-19,Males,Unitary Authority,E06000006,Halton,65,140.7,106.5,181.8
1555,COVID-19,Males,Unitary Authority,E06000007,Warrington,111,133.7,107.9,159.5
1556,COVID-19,Males,Unitary Authority,E06000008,Blackburn with Darwen,52,118.9,87,158.1
1557,COVID-19,Males,Unitary Authority,E06000009,Blackpool,60,93.4,70.8,120.7
1558,COVID-19,Males,Unitary Authority,E06000010,"Kingston upon Hull, City of",97,125.7,100.7,154.7
1559,COVID-19,Males,Unitary Authority,E06000011,East Riding of Yorkshire,152,89.6,74.8,104.4
1560,COVID-19,Males,Unitary Authority,E06000012,North East Lincolnshire,20,27.9,16.8,43.4
1561,COVID-19,Males,Unitary Authority,E06000013,North Lincolnshire,58,78.9,59.2,103
1562,COVID-19,Males,Unitary Authority,E06000014,York,84,100.8,80.2,125
1563,COVID-19,Males,Unitary Authority,E06000015,Derby,159,170.4,143.4,197.4
1564,COVID-19,Males,Unitary Authority,E06000016,Leicester,148,149.4,124.6,174.2
1565,COVID-19,Males,Unitary Authority,E06000017,Rutland,13,55.3,29.1,95.1
1566,COVID-19,Males,Unitary Authority,E06000018,Nottingham,111,130.3,105.6,155
1567,COVID-19,Males,Unitary Authority,E06000019,"Herefordshire, County of",54,51.8,38.7,67.8
1568,COVID-19,Males,Unitary Authority,E06000020,Telford and Wrekin,48,72.7,52.8,97.3
1569,COVID-19,Males,Unitary Authority,E06000021,Stoke-on-Trent,98,107.7,86.4,132.5
1570,COVID-19,Males,Unitary Authority,E06000022,Bath and North East Somerset,46,55.4,40.4,74
1571,COVID-19,Males,Unitary Authority,E06000023,"Bristol, City of",116,85.6,69.9,101.3
1572,COVID-19,Males,Unitary Authority,E06000024,North Somerset,73,65.8,51.4,82.9
1573,COVID-19,Males,Unitary Authority,E06000025,South Gloucestershire,94,81.2,65.3,99.7
1574,COVID-19,Males,Unitary Authority,E06000026,Plymouth,40,37,26.3,50.5
1575,COVID-19,Males,Unitary Authority,E06000027,Torbay,35,43.5,30.2,60.7
1576,COVID-19,Males,Unitary Authority,E06000030,Swindon,78,99,77.7,124.1
1577,COVID-19,Males,Unitary Authority,E06000031,Peterborough,47,67.8,49.4,90.6
1578,COVID-19,Males,Unitary Authority,E06000032,Luton,117,175.6,143.2,207.9
1579,COVID-19,Males,Unitary Authority,E06000033,Southend-on-Sea,104,128.5,103.6,153.3
1580,COVID-19,Males,Unitary Authority,E06000034,Thurrock,82,159.1,125.2,199
1581,COVID-19,Males,Unitary Authority,E06000035,Medway,87,97.5,77.1,121.3
1582,COVID-19,Males,Unitary Authority,E06000036,Bracknell Forest,34,85.6,58.9,120
1583,COVID-19,Males,Unitary Authority,E06000037,West Berkshire,65,94.7,72.8,121
1584,COVID-19,Males,Unitary Authority,E06000038,Reading,82,169.7,134.7,210.9
1585,COVID-19,Males,Unitary Authority,E06000039,Slough,63,168.4,127.6,217.6
1586,COVID-19,Males,Unitary Authority,E06000040,Windsor and Maidenhead,68,101,78.4,128.2
1587,COVID-19,Males,Unitary Authority,E06000041,Wokingham,73,110.3,86.1,139.2
1588,COVID-19,Males,Unitary Authority,E06000042,Milton Keynes,95,124.7,100,153.5
1589,COVID-19,Males,Unitary Authority,E06000043,Brighton and Hove,81,90.4,71.7,112.5
1590,COVID-19,Males,Unitary Authority,E06000044,Portsmouth,66,95.9,73.9,122.3
1591,COVID-19,Males,Unitary Authority,E06000045,Southampton,84,111.6,88.8,138.5
1592,COVID-19,Males,Unitary Authority,E06000046,Isle of Wight,35,41.6,28.9,58
1593,COVID-19,Males,Unitary Authority,E06000047,County Durham,298,133.4,117.7,149.2
1594,COVID-19,Males,Unitary Authority,E06000049,Cheshire East,238,121.7,106,137.3
1595,COVID-19,Males,Unitary Authority,E06000050,Cheshire West and Chester,188,115.9,99.1,132.7
1596,COVID-19,Males,Unitary Authority,E06000051,Shropshire,124,73.6,60.4,86.8
1597,COVID-19,Males,Unitary Authority,E06000052,Cornwall,129,43.7,36,51.4
1598,COVID-19,Males,Unitary Authority,E06000053,Isles of Scilly,0,:,:,:
1599,COVID-19,Males,Unitary Authority,E06000054,Wiltshire,166,70.2,59.3,81
1600,COVID-19,Males,Unitary Authority,E06000055,Bedford,77,109.8,86.3,137.6
1601,COVID-19,Males,Unitary Authority,E06000056,Central Bedfordshire,145,125.5,104.6,146.4
1602,COVID-19,Males,Unitary Authority,E06000057,Northumberland,127,75.6,62.2,89
1603,COVID-19,Males,Unitary Authority,E06000058,"Bournemouth, Christchurch and Poole",96,46.4,37.5,56.7
1604,COVID-19,Males,Unitary Authority,E06000059,Dorset,89,36.3,29.1,44.7
1605,COVID-19,Males,Unitary Authority,E06000060,Buckinghamshire,187,81.4,69.6,93.3
1606,COVID-19,Males,Non-Metropolitan District,E07000008,Cambridge,36,90.5,63.2,125.4
1607,COVID-19,Males,Non-Metropolitan District,E07000009,East Cambridgeshire,31,75.4,50.7,107.7
1608,COVID-19,Males,Non-Metropolitan District,E07000010,Fenland,38,73.3,51.6,100.9
1609,COVID-19,Males,Non-Metropolitan District,E07000011,Huntingdonshire,54,71.8,53.5,94.3
1610,COVID-19,Males,Non-Metropolitan District,E07000012,South Cambridgeshire,27,37.6,24.6,54.8
1611,COVID-19,Males,Non-Metropolitan District,E07000026,Allerdale,39,74.1,52.1,101.9
1612,COVID-19,Males,Non-Metropolitan District,E07000027,Barrow-in-Furness,38,117.5,82.4,162.3
1613,COVID-19,Males,Non-Metropolitan District,E07000028,Carlisle,63,125.8,96,161.7
1614,COVID-19,Males,Non-Metropolitan District,E07000029,Copeland,28,80,52.1,117
1615,COVID-19,Males,Non-Metropolitan District,E07000030,Eden,26,86.2,55.3,127.7
1616,COVID-19,Males,Non-Metropolitan District,E07000031,South Lakeland,82,125,99.1,155.5
1617,COVID-19,Males,Non-Metropolitan District,E07000032,Amber Valley,45,75.8,54.7,102.2
1618,COVID-19,Males,Non-Metropolitan District,E07000033,Bolsover,26,88.8,55.3,133.7
1619,COVID-19,Males,Non-Metropolitan District,E07000034,Chesterfield,42,88.6,63.1,120.7
1620,COVID-19,Males,Non-Metropolitan District,E07000035,Derbyshire Dales,35,88.7,60.9,124.5
1621,COVID-19,Males,Non-Metropolitan District,E07000036,Erewash,47,89.4,65.3,119.3
1622,COVID-19,Males,Non-Metropolitan District,E07000037,High Peak,49,119.7,87.2,159.9
1623,COVID-19,Males,Non-Metropolitan District,E07000038,North East Derbyshire,66,124.3,95.5,159
1624,COVID-19,Males,Non-Metropolitan District,E07000039,South Derbyshire,54,139.7,103.6,184
1625,COVID-19,Males,Non-Metropolitan District,E07000040,East Devon,20,19.9,12.1,30.9
1626,COVID-19,Males,Non-Metropolitan District,E07000041,Exeter,19,45.7,27.3,71.7
1627,COVID-19,Males,Non-Metropolitan District,E07000042,Mid Devon,4,8.5,2.3,21.8
1628,COVID-19,Males,Non-Metropolitan District,E07000043,North Devon,13,27.4,14.3,47.4
1629,COVID-19,Males,Non-Metropolitan District,E07000044,South Hams,9,16.1,7.3,30.8
1630,COVID-19,Males,Non-Metropolitan District,E07000045,Teignbridge,19,24.7,14.8,38.7
1631,COVID-19,Males,Non-Metropolitan District,E07000046,Torridge,15,36.7,20.4,60.8
1632,COVID-19,Males,Non-Metropolitan District,E07000047,West Devon,9,24.2,11,45.9
1633,COVID-19,Males,Non-Metropolitan District,E07000061,Eastbourne,34,52,36,72.8
1634,COVID-19,Males,Non-Metropolitan District,E07000062,Hastings,6,14.6,5.3,31.9
1635,COVID-19,Males,Non-Metropolitan District,E07000063,Lewes,58,96.7,73.4,125.1
1636,COVID-19,Males,Non-Metropolitan District,E07000064,Rother,22,34.7,21.1,53.6
1637,COVID-19,Males,Non-Metropolitan District,E07000065,Wealden,52,56.8,42.2,74.7
1638,COVID-19,Males,Non-Metropolitan District,E07000066,Basildon,102,150,120.3,179.7
1639,COVID-19,Males,Non-Metropolitan District,E07000067,Braintree,64,98.5,75.5,126.2
1640,COVID-19,Males,Non-Metropolitan District,E07000068,Brentwood,40,106,75.5,144.6
1641,COVID-19,Males,Non-Metropolitan District,E07000069,Castle Point,47,92.7,67.5,124.1
1642,COVID-19,Males,Non-Metropolitan District,E07000070,Chelmsford,70,88.5,68.7,112.1
1643,COVID-19,Males,Non-Metropolitan District,E07000071,Colchester,60,84,63.6,108.8
1644,COVID-19,Males,Non-Metropolitan District,E07000072,Epping Forest,104,174,140.3,207.7
1645,COVID-19,Males,Non-Metropolitan District,E07000073,Harlow,41,134.8,96.1,183.6
1646,COVID-19,Males,Non-Metropolitan District,E07000074,Maldon,17,50.4,28.4,82
1647,COVID-19,Males,Non-Metropolitan District,E07000075,Rochford,54,125.8,93.6,165.3
1648,COVID-19,Males,Non-Metropolitan District,E07000076,Tendring,89,92.1,73.6,113.7
1649,COVID-19,Males,Non-Metropolitan District,E07000077,Uttlesford,39,102.7,72.3,141.2
1650,COVID-19,Males,Non-Metropolitan District,E07000078,Cheltenham,62,122,93.4,156.6
1651,COVID-19,Males,Non-Metropolitan District,E07000079,Cotswold,32,62.8,42.7,89
1652,COVID-19,Males,Non-Metropolitan District,E07000080,Forest of Dean,23,52.8,32.6,80.4
1653,COVID-19,Males,Non-Metropolitan District,E07000081,Gloucester,84,188.1,148.9,234.2
1654,COVID-19,Males,Non-Metropolitan District,E07000082,Stroud,49,87.4,63.6,116.9
1655,COVID-19,Males,Non-Metropolitan District,E07000083,Tewkesbury,50,106.8,79.1,141.1
1656,COVID-19,Males,Non-Metropolitan District,E07000084,Basingstoke and Deane,62,91.7,69.9,117.9
1657,COVID-19,Males,Non-Metropolitan District,E07000085,East Hampshire,48,72,53,95.7
1658,COVID-19,Males,Non-Metropolitan District,E07000086,Eastleigh,47,79.9,58.6,106.4
1659,COVID-19,Males,Non-Metropolitan District,E07000087,Fareham,51,87.9,65,116
1660,COVID-19,Males,Non-Metropolitan District,E07000088,Gosport,25,64.7,41.5,95.9
1661,COVID-19,Males,Non-Metropolitan District,E07000089,Hart,33,79.1,54.1,111.5
1662,COVID-19,Males,Non-Metropolitan District,E07000090,Havant,68,96.8,75.1,122.9
1663,COVID-19,Males,Non-Metropolitan District,E07000091,New Forest,65,52.1,40.2,66.5
1664,COVID-19,Males,Non-Metropolitan District,E07000092,Rushmoor,41,132.7,94.5,180.9
1665,COVID-19,Males,Non-Metropolitan District,E07000093,Test Valley,58,96.4,72.7,125.1
1666,COVID-19,Males,Non-Metropolitan District,E07000094,Winchester,57,94,71.1,122
1667,COVID-19,Males,Non-Metropolitan District,E07000095,Broxbourne,42,106.3,76.1,144.5
1668,COVID-19,Males,Non-Metropolitan District,E07000096,Dacorum,68,111.1,86,141.3
1669,COVID-19,Males,Non-Metropolitan District,E07000098,Hertsmere,83,190.5,151.5,236.4
1670,COVID-19,Males,Non-Metropolitan District,E07000099,North Hertfordshire,54,94.1,70.3,123.3
1671,COVID-19,Males,Non-Metropolitan District,E07000102,Three Rivers,53,132.8,99.2,174.1
1672,COVID-19,Males,Non-Metropolitan District,E07000103,Watford,57,187.9,141.3,244.8
1673,COVID-19,Males,Non-Metropolitan District,E07000105,Ashford,61,112.4,85.6,144.9
1674,COVID-19,Males,Non-Metropolitan District,E07000106,Canterbury,57,74.6,56.4,96.7
1675,COVID-19,Males,Non-Metropolitan District,E07000107,Dartford,58,147.5,111.6,191.2
1676,COVID-19,Males,Non-Metropolitan District,E07000108,Dover,48,79.6,58.4,105.9
1677,COVID-19,Males,Non-Metropolitan District,E07000109,Gravesham,49,113,83.2,149.7
1678,COVID-19,Males,Non-Metropolitan District,E07000110,Maidstone,61,88.9,67.2,115
1679,COVID-19,Males,Non-Metropolitan District,E07000111,Sevenoaks,47,78.8,57.7,105.2
1680,COVID-19,Males,Non-Metropolitan District,E07000112,Folkestone and Hythe,55,88.8,66.8,115.8
1681,COVID-19,Males,Non-Metropolitan District,E07000113,Swale,58,100.4,75.3,131
1682,COVID-19,Males,Non-Metropolitan District,E07000114,Thanet,76,105.5,82.9,132.4
1683,COVID-19,Males,Non-Metropolitan District,E07000115,Tonbridge and Malling,38,72.9,50.8,100.9
1684,COVID-19,Males,Non-Metropolitan District,E07000116,Tunbridge Wells,28,52.2,34.6,75.4
1685,COVID-19,Males,Non-Metropolitan District,E07000117,Burnley,30,89,59.5,127.9
1686,COVID-19,Males,Non-Metropolitan District,E07000118,Chorley,61,131.7,99.4,170.9
1687,COVID-19,Males,Non-Metropolitan District,E07000119,Fylde,40,76.8,54.7,104.7
1688,COVID-19,Males,Non-Metropolitan District,E07000120,Hyndburn,25,83.8,53.1,125.3
1689,COVID-19,Males,Non-Metropolitan District,E07000121,Lancaster,42,70.7,50.4,96.2
1690,COVID-19,Males,Non-Metropolitan District,E07000122,Pendle,38,102.8,72.1,141.8
1691,COVID-19,Males,Non-Metropolitan District,E07000123,Preston,69,148.5,114.4,189.3
1692,COVID-19,Males,Non-Metropolitan District,E07000124,Ribble Valley,14,52.4,28,88.9
1693,COVID-19,Males,Non-Metropolitan District,E07000125,Rossendale,25,94.6,59.9,141.4
1694,COVID-19,Males,Non-Metropolitan District,E07000126,South Ribble,50,103.1,75.7,137
1695,COVID-19,Males,Non-Metropolitan District,E07000127,West Lancashire,61,112.9,85.8,145.7
1696,COVID-19,Males,Non-Metropolitan District,E07000128,Wyre,53,76.9,57.2,101.1
1697,COVID-19,Males,Non-Metropolitan District,E07000129,Blaby,38,88.8,61.9,123.1
1698,COVID-19,Males,Non-Metropolitan District,E07000130,Charnwood,54,79.6,59.3,104.6
1699,COVID-19,Males,Non-Metropolitan District,E07000131,Harborough,29,65.3,42.8,94.8
1700,COVID-19,Males,Non-Metropolitan District,E07000132,Hinckley and Bosworth,41,80.7,56.9,110.8
1701,COVID-19,Males,Non-Metropolitan District,E07000133,Melton,13,55.1,28.6,95.3
1702,COVID-19,Males,Non-Metropolitan District,E07000134,North West Leicestershire,32,78.4,51.8,113.1
1703,COVID-19,Males,Non-Metropolitan District,E07000135,Oadby and Wigston,25,85.3,54.8,126.4
1704,COVID-19,Males,Non-Metropolitan District,E07000136,Boston,23,70.8,44.7,106.6
1705,COVID-19,Males,Non-Metropolitan District,E07000137,East Lindsey,20,23.4,14,36.5
1706,COVID-19,Males,Non-Metropolitan District,E07000138,Lincoln,15,42.8,23.7,70.8
1707,COVID-19,Males,Non-Metropolitan District,E07000139,North Kesteven,21,32.8,19.9,50.6
1708,COVID-19,Males,Non-Metropolitan District,E07000140,South Holland,24,44.2,28.2,66
1709,COVID-19,Males,Non-Metropolitan District,E07000141,South Kesteven,36,51.5,35.8,71.6
1710,COVID-19,Males,Non-Metropolitan District,E07000142,West Lindsey,15,30.2,16.2,50.9
1711,COVID-19,Males,Non-Metropolitan District,E07000143,Breckland,52,66.7,49.5,87.8
1712,COVID-19,Males,Non-Metropolitan District,E07000144,Broadland,32,44.9,30.3,63.8
1713,COVID-19,Males,Non-Metropolitan District,E07000145,Great Yarmouth,20,36.9,22.4,57.3
1714,COVID-19,Males,Non-Metropolitan District,E07000146,King's Lynn and West Norfolk,78,90.3,71,113.1
1715,COVID-19,Males,Non-Metropolitan District,E07000147,North Norfolk,31,42.8,28.8,61.1
1716,COVID-19,Males,Non-Metropolitan District,E07000148,Norwich,11,21.4,10.7,38.4
1717,COVID-19,Males,Non-Metropolitan District,E07000149,South Norfolk,29,37.6,24.9,54.2
1718,COVID-19,Males,Non-Metropolitan District,E07000150,Corby,18,80.8,45.9,130.5
1719,COVID-19,Males,Non-Metropolitan District,E07000151,Daventry,31,80.4,53.9,115
1720,COVID-19,Males,Non-Metropolitan District,E07000152,East Northamptonshire,39,90.3,63.8,123.9
1721,COVID-19,Males,Non-Metropolitan District,E07000153,Kettering,44,113,81.1,153
1722,COVID-19,Males,Non-Metropolitan District,E07000154,Northampton,125,165.2,135.7,194.6
1723,COVID-19,Males,Non-Metropolitan District,E07000155,South Northamptonshire,26,66,42.3,97.9
1724,COVID-19,Males,Non-Metropolitan District,E07000156,Wellingborough,33,98.4,67.3,138.7
1725,COVID-19,Males,Non-Metropolitan District,E07000163,Craven,30,92.9,62.2,133.2
1726,COVID-19,Males,Non-Metropolitan District,E07000164,Hambleton,32,61.8,41.7,87.9
1727,COVID-19,Males,Non-Metropolitan District,E07000165,Harrogate,93,108.9,87.7,133.6
1728,COVID-19,Males,Non-Metropolitan District,E07000166,Richmondshire,25,99,63.3,147.1
1729,COVID-19,Males,Non-Metropolitan District,E07000167,Ryedale,16,54.3,30.3,89.2
1730,COVID-19,Males,Non-Metropolitan District,E07000168,Scarborough,43,69,49.5,93.4
1731,COVID-19,Males,Non-Metropolitan District,E07000169,Selby,23,58.3,35.8,89.1
1732,COVID-19,Males,Non-Metropolitan District,E07000170,Ashfield,76,147.2,114.8,185.7
1733,COVID-19,Males,Non-Metropolitan District,E07000171,Bassetlaw,33,63.2,43,89.4
1734,COVID-19,Males,Non-Metropolitan District,E07000172,Broxtowe,49,94.8,69.7,125.8
1735,COVID-19,Males,Non-Metropolitan District,E07000173,Gedling,55,114.9,85.1,151.3
1736,COVID-19,Males,Non-Metropolitan District,E07000174,Mansfield,39,87.6,61.5,120.7
1737,COVID-19,Males,Non-Metropolitan District,E07000175,Newark and Sherwood,30,53,35.4,76.1
1738,COVID-19,Males,Non-Metropolitan District,E07000176,Rushcliffe,43,78.8,56.7,106.6
1739,COVID-19,Males,Non-Metropolitan District,E07000177,Cherwell,59,93.3,70.7,120.8
1740,COVID-19,Males,Non-Metropolitan District,E07000178,Oxford,39,86.4,61.3,118.3
1741,COVID-19,Males,Non-Metropolitan District,E07000179,South Oxfordshire,54,80.3,60,105.3
1742,COVID-19,Males,Non-Metropolitan District,E07000180,Vale of White Horse,68,109.5,84.8,139.1
1743,COVID-19,Males,Non-Metropolitan District,E07000181,West Oxfordshire,55,97.6,73.5,127.2
1744,COVID-19,Males,Non-Metropolitan District,E07000187,Mendip,17,28.2,16.3,45.3
1745,COVID-19,Males,Non-Metropolitan District,E07000188,Sedgemoor,34,55.4,38,77.8
1746,COVID-19,Males,Non-Metropolitan District,E07000189,South Somerset,30,33.2,22.2,47.6
1747,COVID-19,Males,Non-Metropolitan District,E07000192,Cannock Chase,43,107.8,77.2,146.1
1748,COVID-19,Males,Non-Metropolitan District,E07000193,East Staffordshire,81,161.7,127.6,202
1749,COVID-19,Males,Non-Metropolitan District,E07000194,Lichfield,51,93.7,69.1,123.9
1750,COVID-19,Males,Non-Metropolitan District,E07000195,Newcastle-under-Lyme,54,93.5,69.7,122.7
1751,COVID-19,Males,Non-Metropolitan District,E07000196,South Staffordshire,45,75.8,54,103.1
1752,COVID-19,Males,Non-Metropolitan District,E07000197,Stafford,58,87.8,66.2,114
1753,COVID-19,Males,Non-Metropolitan District,E07000198,Staffordshire Moorlands,40,80,56.2,110.2
1754,COVID-19,Males,Non-Metropolitan District,E07000199,Tamworth,33,116.3,77.7,166.3
1755,COVID-19,Males,Non-Metropolitan District,E07000200,Babergh,32,59,40.2,83.7
1756,COVID-19,Males,Non-Metropolitan District,E07000202,Ipswich,67,121,93.6,153.8
1757,COVID-19,Males,Non-Metropolitan District,E07000203,Mid Suffolk,43,81.4,58.4,110.2
1758,COVID-19,Males,Non-Metropolitan District,E07000207,Elmbridge,50,81.2,60.1,107.2
1759,COVID-19,Males,Non-Metropolitan District,E07000208,Epsom and Ewell,46,134.8,98.2,180.4
1760,COVID-19,Males,Non-Metropolitan District,E07000209,Guildford,41,71.9,51.4,97.7
1761,COVID-19,Males,Non-Metropolitan District,E07000210,Mole Valley,58,120.3,91.1,155.8
1762,COVID-19,Males,Non-Metropolitan District,E07000211,Reigate and Banstead,86,136.2,108.9,168.3
1763,COVID-19,Males,Non-Metropolitan District,E07000212,Runnymede,31,86.3,58.5,122.8
1764,COVID-19,Males,Non-Metropolitan District,E07000213,Spelthorne,51,121,89.7,159.4
1765,COVID-19,Males,Non-Metropolitan District,E07000214,Surrey Heath,42,101.4,72.6,137.5
1766,COVID-19,Males,Non-Metropolitan District,E07000215,Tandridge,45,103.7,75.5,138.8
1767,COVID-19,Males,Non-Metropolitan District,E07000216,Waverley,75,111.4,87.5,139.9
1768,COVID-19,Males,Non-Metropolitan District,E07000217,Woking,37,85.8,60.3,118.4
1769,COVID-19,Males,Non-Metropolitan District,E07000218,North Warwickshire,42,132.9,94.5,181.1
1770,COVID-19,Males,Non-Metropolitan District,E07000219,Nuneaton and Bedworth,72,136.4,105.3,173.5
1771,COVID-19,Males,Non-Metropolitan District,E07000220,Rugby,36,77.1,53.8,106.9
1772,COVID-19,Males,Non-Metropolitan District,E07000221,Stratford-on-Avon,85,118.5,94.2,147.1
1773,COVID-19,Males,Non-Metropolitan District,E07000222,Warwick,51,82.1,61,108.1
1774,COVID-19,Males,Non-Metropolitan District,E07000223,Adur,27,79.1,52.1,115.3
1775,COVID-19,Males,Non-Metropolitan District,E07000224,Arun,40,38.8,27.6,52.9
1776,COVID-19,Males,Non-Metropolitan District,E07000225,Chichester,43,57.1,41.2,77.1
1777,COVID-19,Males,Non-Metropolitan District,E07000226,Crawley,36,97.9,68,136.1
1778,COVID-19,Males,Non-Metropolitan District,E07000227,Horsham,57,75.8,57.3,98.4
1779,COVID-19,Males,Non-Metropolitan District,E07000228,Mid Sussex,69,101.4,78.7,128.5
1780,COVID-19,Males,Non-Metropolitan District,E07000229,Worthing,35,62.2,43.2,86.7
1781,COVID-19,Males,Non-Metropolitan District,E07000234,Bromsgrove,69,135.8,105.3,172.3
1782,COVID-19,Males,Non-Metropolitan District,E07000235,Malvern Hills,23,46.7,29.3,70.4
1783,COVID-19,Males,Non-Metropolitan District,E07000236,Redditch,31,101.8,67.6,146.6
1784,COVID-19,Males,Non-Metropolitan District,E07000237,Worcester,27,68.4,44.4,100.3
1785,COVID-19,Males,Non-Metropolitan District,E07000238,Wychavon,52,72,53.6,94.7
1786,COVID-19,Males,Non-Metropolitan District,E07000239,Wyre Forest,55,100.6,75,131.8
1787,COVID-19,Males,Non-Metropolitan District,E07000240,St Albans,61,101.8,77.7,131
1788,COVID-19,Males,Non-Metropolitan District,E07000241,Welwyn Hatfield,64,141.9,109,181.6
1789,COVID-19,Males,Non-Metropolitan District,E07000242,East Hertfordshire,58,97.4,73.6,126.4
1790,COVID-19,Males,Non-Metropolitan District,E07000243,Stevenage,41,139.6,99.5,190.3
1791,COVID-19,Males,Non-Metropolitan District,E07000244,East Suffolk,116,74.1,60.5,87.7
1792,COVID-19,Males,Non-Metropolitan District,E07000245,West Suffolk,39,45.5,32.3,62.3
1793,COVID-19,Males,Non-Metropolitan District,E07000246,Somerset West and Taunton,29,33.1,22,47.6
1794,COVID-19,Males,Metropolitan District,E08000001,Bolton,148,136.8,114.3,159.4
1795,COVID-19,Males,Metropolitan District,E08000002,Bury,107,142.5,115.1,169.9
1796,COVID-19,Males,Metropolitan District,E08000003,Manchester,209,185.6,159.6,211.5
1797,COVID-19,Males,Metropolitan District,E08000004,Oldham,127,150.1,123.6,176.6
1798,COVID-19,Males,Metropolitan District,E08000005,Rochdale,112,138.5,112.4,164.6
1799,COVID-19,Males,Metropolitan District,E08000006,Salford,155,184.6,155,214.3
1800,COVID-19,Males,Metropolitan District,E08000007,Stockport,175,133.1,113.2,153.1
1801,COVID-19,Males,Metropolitan District,E08000008,Tameside,129,157.3,128.7,186
1802,COVID-19,Males,Metropolitan District,E08000009,Trafford,98,104.6,84.7,127.6
1803,COVID-19,Males,Metropolitan District,E08000010,Wigan,178,139.6,118,161.3
1804,COVID-19,Males,Metropolitan District,E08000011,Knowsley,68,125.8,97,160.2
1805,COVID-19,Males,Metropolitan District,E08000012,Liverpool,316,190.6,169,212.1
1806,COVID-19,Males,Metropolitan District,E08000013,St. Helens,107,137.8,110.1,165.6
1807,COVID-19,Males,Metropolitan District,E08000014,Sefton,155,112.3,94.3,130.3
1808,COVID-19,Males,Metropolitan District,E08000015,Wirral,211,138.7,119.8,157.7
1809,COVID-19,Males,Metropolitan District,E08000016,Barnsley,110,110,88.5,131.6
1810,COVID-19,Males,Metropolitan District,E08000017,Doncaster,90,69,55.2,85.1
1811,COVID-19,Males,Metropolitan District,E08000018,Rotherham,135,122.4,101,143.7
1812,COVID-19,Males,Metropolitan District,E08000019,Sheffield,265,125.9,110.6,141.2
1813,COVID-19,Males,Metropolitan District,E08000021,Newcastle upon Tyne,116,120.7,98.5,143
1814,COVID-19,Males,Metropolitan District,E08000022,North Tyneside,69,86.9,66.9,110.9
1815,COVID-19,Males,Metropolitan District,E08000023,South Tyneside,65,108.7,83.1,139.6
1816,COVID-19,Males,Metropolitan District,E08000024,Sunderland,151,136.4,113.1,159.7
1817,COVID-19,Males,Metropolitan District,E08000025,Birmingham,661,188.6,174,203.2
1818,COVID-19,Males,Metropolitan District,E08000026,Coventry,153,135.2,113.4,156.9
1819,COVID-19,Males,Metropolitan District,E08000027,Dudley,168,121.8,102.7,140.8
1820,COVID-19,Males,Metropolitan District,E08000028,Sandwell,198,182.7,156.4,209
1821,COVID-19,Males,Metropolitan District,E08000029,Solihull,144,142.5,119,165.9
1822,COVID-19,Males,Metropolitan District,E08000030,Walsall,200,178.2,152.9,203.5
1823,COVID-19,Males,Metropolitan District,E08000031,Wolverhampton,166,161.9,137.1,186.8
1824,COVID-19,Males,Metropolitan District,E08000032,Bradford,244,137.7,120.1,155.4
1825,COVID-19,Males,Metropolitan District,E08000033,Calderdale,64,88.1,66.8,113.8
1826,COVID-19,Males,Metropolitan District,E08000034,Kirklees,175,106.4,90.2,122.6
1827,COVID-19,Males,Metropolitan District,E08000035,Leeds,333,130.1,115.6,144.5
1828,COVID-19,Males,Metropolitan District,E08000036,Wakefield,172,126.8,107.2,146.4
1829,COVID-19,Males,Metropolitan District,E08000037,Gateshead,124,149.5,122.4,176.6
1830,COVID-19,Males,London Borough,E09000001,City of London,2,:,:,:
1831,COVID-19,Males,London Borough,E09000002,Barking and Dagenham,89,188.9,150.6,233.7
1832,COVID-19,Males,London Borough,E09000003,Barnet,271,199.3,175.4,223.2
1833,COVID-19,Males,London Borough,E09000004,Bexley,121,130.7,107.1,154.3
1834,COVID-19,Males,London Borough,E09000005,Brent,289,287.9,253.6,322.1
1835,COVID-19,Males,London Borough,E09000006,Bromley,184,142.9,122,163.7
1836,COVID-19,Males,London Borough,E09000007,Camden,92,118.4,95,145.6
1837,COVID-19,Males,London Borough,E09000008,Croydon,274,215.1,189.1,241
1838,COVID-19,Males,London Borough,E09000009,Ealing,239,224.1,195.2,252.9
1839,COVID-19,Males,London Borough,E09000010,Enfield,230,217.6,188.9,246.3
1840,COVID-19,Males,London Borough,E09000011,Greenwich,118,158.1,128.4,187.8
1841,COVID-19,Males,London Borough,E09000012,Hackney,138,248.7,205.6,291.8
1842,COVID-19,Males,London Borough,E09000013,Hammersmith and Fulham,96,211.2,170.2,258.9
1843,COVID-19,Males,London Borough,E09000014,Haringey,173,269.9,227.8,312
1844,COVID-19,Males,London Borough,E09000015,Harrow,224,229.4,199.1,259.7
1845,COVID-19,Males,London Borough,E09000016,Havering,166,159.7,135.2,184.2
1846,COVID-19,Males,London Borough,E09000017,Hillingdon,159,154.1,129.9,178.3
1847,COVID-19,Males,London Borough,E09000018,Hounslow,141,183.2,151.6,214.7
1848,COVID-19,Males,London Borough,E09000019,Islington,76,153.9,120.6,193.4
1849,COVID-19,Males,London Borough,E09000020,Kensington and Chelsea,73,120.4,94.2,151.5
1850,COVID-19,Males,London Borough,E09000021,Kingston upon Thames,70,122,94.8,154.5
1851,COVID-19,Males,London Borough,E09000022,Lambeth,166,230.4,193.6,267.3
1852,COVID-19,Males,London Borough,E09000023,Lewisham,172,244.6,206.1,283
1853,COVID-19,Males,London Borough,E09000024,Merton,114,184.7,149.9,219.5
1854,COVID-19,Males,London Borough,E09000025,Newham,196,281.3,239.8,322.8
1855,COVID-19,Males,London Borough,E09000026,Redbridge,190,199,170.3,227.7
1856,COVID-19,Males,London Borough,E09000027,Richmond upon Thames,79,116.9,92.2,146.1
1857,COVID-19,Males,London Borough,E09000028,Southwark,137,208.3,171.9,244.8
1858,COVID-19,Males,London Borough,E09000029,Sutton,86,114.7,91.4,142
1859,COVID-19,Males,London Borough,E09000030,Tower Hamlets,104,200.2,159.7,240.7
1860,COVID-19,Males,London Borough,E09000031,Waltham Forest,145,200.2,167,233.4
1861,COVID-19,Males,London Borough,E09000032,Wandsworth,127,172.3,141.3,203.3
1862,COVID-19,Males,London Borough,E09000033,Westminster,105,131.7,106.2,157.2
1863,COVID-19,Males,County,E10000003,Cambridgeshire,186,66.6,56.9,76.3
1864,COVID-19,Males,County,E10000006,Cumbria,276,105.1,92.4,117.8
1865,COVID-19,Males,County,E10000007,Derbyshire,364,100.7,90,111.4
1866,COVID-19,Males,County,E10000008,Devon,108,24.4,19.8,29.1
1867,COVID-19,Males,County,E10000011,East Sussex,172,53.5,45.5,61.6
1868,COVID-19,Males,County,E10000012,Essex,727,108.2,100.2,116.2
1869,COVID-19,Males,County,E10000013,Gloucestershire,300,103.8,91.8,115.8
1870,COVID-19,Males,County,E10000014,Hampshire,555,81.7,74.8,88.5
1871,COVID-19,Males,County,E10000015,Hertfordshire,581,124.4,114.2,134.7
1872,COVID-19,Males,County,E10000016,Kent,636,90.4,83.3,97.5
1873,COVID-19,Males,County,E10000017,Lancashire,508,95.3,86.8,103.8
1874,COVID-19,Males,County,E10000018,Leicestershire,232,78.3,67.9,88.7
1875,COVID-19,Males,County,E10000019,Lincolnshire,154,39.2,32.9,45.5
1876,COVID-19,Males,County,E10000020,Norfolk,253,51.6,45.1,58
1877,COVID-19,Males,County,E10000021,Northamptonshire,316,108.8,96.5,121.1
1878,COVID-19,Males,County,E10000023,North Yorkshire,262,80.6,70.6,90.5
1879,COVID-19,Males,County,E10000024,Nottinghamshire,325,90.3,80.2,100.4
1880,COVID-19,Males,County,E10000025,Oxfordshire,275,93.8,82.7,105
1881,COVID-19,Males,County,E10000027,Somerset,110,36.9,29.9,43.8
1882,COVID-19,Males,County,E10000028,Staffordshire,405,99.3,89.4,109.3
1883,COVID-19,Males,County,E10000029,Suffolk,297,73.4,65,81.9
1884,COVID-19,Males,County,E10000030,Surrey,562,104.3,95.6,112.9
1885,COVID-19,Males,County,E10000031,Warwickshire,286,108.6,95.8,121.4
1886,COVID-19,Males,County,E10000032,West Sussex,307,68.7,61,76.4
1887,COVID-19,Males,County,E10000034,Worcestershire,257,86.9,76.1,97.7
1888,COVID-19,Males,Metropolitan County,E11000001,Greater Manchester,1438,146.3,138.6,154
1889,COVID-19,Males,Metropolitan County,E11000002,Merseyside,857,145.3,135.4,155.3
1890,COVID-19,Males,Metropolitan County,E11000003,South Yorkshire,600,109.5,100.6,118.5
1891,COVID-19,Males,Metropolitan County,E11000005,West Midlands,1690,164.5,156.5,172.4
1892,COVID-19,Males,Metropolitan County,E11000006,West Yorkshire,988,122,114.1,129.8
1893,COVID-19,Males,Metropolitan County,E11000007,Tyne and Wear,525,122.8,112,133.7
1894,COVID-19,Males,Region,E12000001,North East,1262,114.8,108.3,121.4
1895,COVID-19,Males,Region,E12000002,North West,3793,127.8,123.6,131.9
1896,COVID-19,Males,Region,E12000003,Yorkshire and The Humber,2261,104.5,100.1,109
1897,COVID-19,Males,Region,E12000004,East Midlands,1822,91.2,86.9,95.5
1898,COVID-19,Males,Region,E12000005,West Midlands,2962,122.2,117.7,126.7
1899,COVID-19,Males,Region,E12000006,East of England,2616,94.5,90.9,98.2
1900,COVID-19,Males,Region,E12000007,London,4846,187.7,182.3,193.1
1901,COVID-19,Males,Region,E12000008,South East,3527,87.5,84.6,90.4
1902,COVID-19,Males,Region,E12000009,South West,1480,54.2,51.4,57
1903,COVID-19,Males,Country,E92000001,England,24569,107.5,106.1,108.8
1904,COVID-19,Males,Other,J99000001,Usual residence outside England and Wales,46,z,z,z
1905,COVID-19,Males,Country,"K04000001, J99000001","ENGLAND, WALES AND ELSEWHERE",25837,106.4,105.1,107.7
1906,COVID-19,Males,Unitary Authority,W06000001,Isle of Anglesey,8,22.3,9.2,44.6
1907,COVID-19,Males,Unitary Authority,W06000002,Gwynedd,25,40.7,26.1,60.4
1908,COVID-19,Males,Unitary Authority,W06000003,Conwy,39,51.2,36.4,70
1909,COVID-19,Males,Unitary Authority,W06000004,Denbighshire,45,92.1,66.5,124
1910,COVID-19,Males,Unitary Authority,W06000005,Flintshire,74,104.9,81.7,132.5
1911,COVID-19,Males,Unitary Authority,W06000006,Wrexham,32,51.5,35.1,73
1912,COVID-19,Males,Unitary Authority,W06000008,Ceredigion,5,11.6,3.8,27
1913,COVID-19,Males,Unitary Authority,W06000009,Pembrokeshire,23,33.1,20.8,49.9
1914,COVID-19,Males,Unitary Authority,W06000010,Carmarthenshire,42,44.3,31.7,60.3
1915,COVID-19,Males,Unitary Authority,W06000011,Swansea,94,91.7,73.8,112.5
1916,COVID-19,Males,Unitary Authority,W06000012,Neath Port Talbot,53,86.1,63.6,113.8
1917,COVID-19,Males,Unitary Authority,W06000013,Bridgend,44,69.5,49.9,94.2
1918,COVID-19,Males,Unitary Authority,W06000014,Vale of Glamorgan,56,93.2,69.8,121.9
1919,COVID-19,Males,Unitary Authority,W06000015,Cardiff,195,176.9,151.6,202.2
1920,COVID-19,Males,Unitary Authority,W06000016,Rhondda Cynon Taf,126,133.7,109.4,158
1921,COVID-19,Males,Unitary Authority,W06000018,Caerphilly,77,108.2,83.9,137
1922,COVID-19,Males,Unitary Authority,W06000019,Blaenau Gwent,42,134.3,95.4,183.1
1923,COVID-19,Males,Unitary Authority,W06000020,Torfaen,32,83.3,56.3,118.5
1924,COVID-19,Males,Unitary Authority,W06000021,Monmouthshire,37,68.8,48.2,95.2
1925,COVID-19,Males,Unitary Authority,W06000022,Newport,88,156.5,124.7,193.8
1926,COVID-19,Males,Unitary Authority,W06000023,Powys,43,56.1,40.2,76
1927,COVID-19,Males,Unitary Authority,W06000024,Merthyr Tydfil,42,166.9,119.2,226.9
1928,COVID-19,Males,Local Health Board,W11000023,Betsi Cadwaladr University Health Board,223,62.2,53.9,70.5
1929,COVID-19,Males,Local Health Board,W11000024,Powys Teaching Health Board,43,56.1,40.2,76
1930,COVID-19,Males,Local Health Board,W11000025,Hywel Dda University Health Board,70,33.9,26.4,43
1931,COVID-19,Males,Local Health Board,W11000028,Aneurin Bevan University Health Board,276,110.5,97.1,124
1932,COVID-19,Males,Local Health Board,W11000029,Cardiff and Vale University Health Board,251,148.6,129.8,167.4
1933,COVID-19,Males,Local Health Board,W11000030,Cwm Taf Morgannwg University Health Board,212,115.7,99.5,131.8
1934,COVID-19,Males,Local Health Board,W11000031,Swansea Bay University Health Board,147,89.6,74.8,104.4
1935,COVID-19,Males,Country,W92000004,Wales,1222,86.7,81.7,91.6
1936,COVID-19,Females,Unitary Authority,E06000001,Hartlepool,52,92,68.5,121
1937,COVID-19,Females,Unitary Authority,E06000002,Middlesbrough,101,144.8,116.4,173.2
1938,COVID-19,Females,Unitary Authority,E06000003,Redcar and Cleveland,55,61.4,46.1,80
1939,COVID-19,Females,Unitary Authority,E06000004,Stockton-on-Tees,67,61.2,47.4,77.9
1940,COVID-19,Females,Unitary Authority,E06000005,Darlington,31,45.7,30.9,65
1941,COVID-19,Females,Unitary Authority,E06000006,Halton,43,68.1,49.2,92
1942,COVID-19,Females,Unitary Authority,E06000007,Warrington,104,90.5,73.1,107.9
1943,COVID-19,Females,Unitary Authority,E06000008,Blackburn with Darwen,33,53.8,36.9,75.7
1944,COVID-19,Females,Unitary Authority,E06000009,Blackpool,58,68.5,51.9,88.8
1945,COVID-19,Females,Unitary Authority,E06000010,"Kingston upon Hull, City of",71,65.5,51.1,82.7
1946,COVID-19,Females,Unitary Authority,E06000011,East Riding of Yorkshire,109,41.9,34,49.9
1947,COVID-19,Females,Unitary Authority,E06000012,North East Lincolnshire,14,13.8,7.4,23.4
1948,COVID-19,Females,Unitary Authority,E06000013,North Lincolnshire,36,33.3,23.3,46.2
1949,COVID-19,Females,Unitary Authority,E06000014,York,71,56.5,43.9,71.4
1950,COVID-19,Females,Unitary Authority,E06000015,Derby,118,84.2,68.8,99.7
1951,COVID-19,Females,Unitary Authority,E06000016,Leicester,100,74.6,59.8,89.4
1952,COVID-19,Females,Unitary Authority,E06000017,Rutland,8,30,12,60.8
1953,COVID-19,Females,Unitary Authority,E06000018,Nottingham,100,78.8,63.1,94.4
1954,COVID-19,Females,Unitary Authority,E06000019,"Herefordshire, County of",61,42.8,32.6,55.1
1955,COVID-19,Females,Unitary Authority,E06000020,Telford and Wrekin,47,56.7,41.6,75.5
1956,COVID-19,Females,Unitary Authority,E06000021,Stoke-on-Trent,71,57,44.4,71.9
1957,COVID-19,Females,Unitary Authority,E06000022,Bath and North East Somerset,41,33.8,24.1,46
1958,COVID-19,Females,Unitary Authority,E06000023,"Bristol, City of",114,55.7,45.3,66.1
1959,COVID-19,Females,Unitary Authority,E06000024,North Somerset,47,28.8,21,38.5
1960,COVID-19,Females,Unitary Authority,E06000025,South Gloucestershire,68,39.9,30.9,50.6
1961,COVID-19,Females,Unitary Authority,E06000026,Plymouth,42,28.6,20.6,38.7
1962,COVID-19,Females,Unitary Authority,E06000027,Torbay,22,18.6,11.6,28.3
1963,COVID-19,Females,Unitary Authority,E06000030,Swindon,80,73.7,58.4,91.9
1964,COVID-19,Females,Unitary Authority,E06000031,Peterborough,39,42.7,30.2,58.5
1965,COVID-19,Females,Unitary Authority,E06000032,Luton,74,89.4,69.9,112.5
1966,COVID-19,Females,Unitary Authority,E06000033,Southend-on-Sea,70,61.3,47.4,77.8
1967,COVID-19,Females,Unitary Authority,E06000034,Thurrock,50,73.5,54.5,97.1
1968,COVID-19,Females,Unitary Authority,E06000035,Medway,86,68.1,54.4,84.2
1969,COVID-19,Females,Unitary Authority,E06000036,Bracknell Forest,29,53.4,35.7,76.6
1970,COVID-19,Females,Unitary Authority,E06000037,West Berkshire,64,71.7,55.1,91.5
1971,COVID-19,Females,Unitary Authority,E06000038,Reading,75,115.8,90.8,145.4
1972,COVID-19,Females,Unitary Authority,E06000039,Slough,41,88.6,63.2,120.6
1973,COVID-19,Females,Unitary Authority,E06000040,Windsor and Maidenhead,58,55.7,42.1,72.2
1974,COVID-19,Females,Unitary Authority,E06000041,Wokingham,69,71.3,55.3,90.4
1975,COVID-19,Females,Unitary Authority,E06000042,Milton Keynes,97,87.6,71,107
1976,COVID-19,Females,Unitary Authority,E06000043,Brighton and Hove,64,47.7,36.5,61.1
1977,COVID-19,Females,Unitary Authority,E06000044,Portsmouth,34,34.3,23.7,48.1
1978,COVID-19,Females,Unitary Authority,E06000045,Southampton,74,67.8,53,85.4
1979,COVID-19,Females,Unitary Authority,E06000046,Isle of Wight,41,32.6,23.3,44.3
1980,COVID-19,Females,Unitary Authority,E06000047,County Durham,334,109.9,98.1,121.8
1981,COVID-19,Females,Unitary Authority,E06000049,Cheshire East,220,80.2,69.5,90.9
1982,COVID-19,Females,Unitary Authority,E06000050,Cheshire West and Chester,153,68.9,57.9,79.9
1983,COVID-19,Females,Unitary Authority,E06000051,Shropshire,88,36.9,29.5,45.5
1984,COVID-19,Females,Unitary Authority,E06000052,Cornwall,71,17.6,13.7,22.2
1985,COVID-19,Females,Unitary Authority,E06000053,Isles of Scilly,0,:,:,:
1986,COVID-19,Females,Unitary Authority,E06000054,Wiltshire,169,48.3,41,55.7
1987,COVID-19,Females,Unitary Authority,E06000055,Bedford,64,66.9,51.3,85.7
1988,COVID-19,Females,Unitary Authority,E06000056,Central Bedfordshire,84,57.5,45.8,71.2
1989,COVID-19,Females,Unitary Authority,E06000057,Northumberland,124,54.8,45.1,64.5
1990,COVID-19,Females,Unitary Authority,E06000058,"Bournemouth, Christchurch and Poole",80,26.9,21.2,33.7
1991,COVID-19,Females,Unitary Authority,E06000059,Dorset,68,19.7,15.2,25
1992,COVID-19,Females,Unitary Authority,E06000060,Buckinghamshire,183,54.4,46.4,62.4
1993,COVID-19,Females,Non-Metropolitan District,E07000008,Cambridge,43,68.3,48.7,92.8
1994,COVID-19,Females,Non-Metropolitan District,E07000009,East Cambridgeshire,17,31.6,18.2,50.8
1995,COVID-19,Females,Non-Metropolitan District,E07000010,Fenland,33,49,33.3,69.4
1996,COVID-19,Females,Non-Metropolitan District,E07000011,Huntingdonshire,50,48.9,36.2,64.5
1997,COVID-19,Females,Non-Metropolitan District,E07000012,South Cambridgeshire,28,29.1,19.3,42.2
1998,COVID-19,Females,Non-Metropolitan District,E07000026,Allerdale,23,33.9,21.4,51.1
1999,COVID-19,Females,Non-Metropolitan District,E07000027,Barrow-in-Furness,36,88.9,62.2,123.2
2000,COVID-19,Females,Non-Metropolitan District,E07000028,Carlisle,58,79.6,60.2,103.1
2001,COVID-19,Females,Non-Metropolitan District,E07000029,Copeland,27,62.4,41,90.8
2002,COVID-19,Females,Non-Metropolitan District,E07000030,Eden,12,28.2,14.5,49.4
2003,COVID-19,Females,Non-Metropolitan District,E07000031,South Lakeland,61,66,50.2,85.2
2004,COVID-19,Females,Non-Metropolitan District,E07000032,Amber Valley,42,51.8,37.3,70.1
2005,COVID-19,Females,Non-Metropolitan District,E07000033,Bolsover,26,57.6,37.6,84.4
2006,COVID-19,Females,Non-Metropolitan District,E07000034,Chesterfield,36,53.5,37.3,74.2
2007,COVID-19,Females,Non-Metropolitan District,E07000035,Derbyshire Dales,31,50.7,34.4,72.1
2008,COVID-19,Females,Non-Metropolitan District,E07000036,Erewash,33,45.7,31.3,64.4
2009,COVID-19,Females,Non-Metropolitan District,E07000037,High Peak,42,75.9,54.7,102.7
2010,COVID-19,Females,Non-Metropolitan District,E07000038,North East Derbyshire,63,97.3,74.6,124.7
2011,COVID-19,Females,Non-Metropolitan District,E07000039,South Derbyshire,47,84.4,62,112.3
2012,COVID-19,Females,Non-Metropolitan District,E07000040,East Devon,24,16,10.1,24
2013,COVID-19,Females,Non-Metropolitan District,E07000041,Exeter,19,24,14,38
2014,COVID-19,Females,Non-Metropolitan District,E07000042,Mid Devon,12,22.1,11.4,38.8
2015,COVID-19,Females,Non-Metropolitan District,E07000043,North Devon,13,17.2,9.1,29.6
2016,COVID-19,Females,Non-Metropolitan District,E07000044,South Hams,3,4.7,1,13.9
2017,COVID-19,Females,Non-Metropolitan District,E07000045,Teignbridge,13,11.3,5.9,19.5
2018,COVID-19,Females,Non-Metropolitan District,E07000046,Torridge,4,7.8,2.1,20
2019,COVID-19,Females,Non-Metropolitan District,E07000047,West Devon,6,13.3,4.8,29
2020,COVID-19,Females,Non-Metropolitan District,E07000061,Eastbourne,30,28.1,18.8,40.3
2021,COVID-19,Females,Non-Metropolitan District,E07000062,Hastings,3,3.5,0.7,10.3
2022,COVID-19,Females,Non-Metropolitan District,E07000063,Lewes,45,46.1,33.2,62.2
2023,COVID-19,Females,Non-Metropolitan District,E07000064,Rother,27,24.9,16.3,36.4
2024,COVID-19,Females,Non-Metropolitan District,E07000065,Wealden,47,34.5,25.3,46
2025,COVID-19,Females,Non-Metropolitan District,E07000066,Basildon,84,82.2,65.5,101.9
2026,COVID-19,Females,Non-Metropolitan District,E07000067,Braintree,45,46.6,33.9,62.5
2027,COVID-19,Females,Non-Metropolitan District,E07000068,Brentwood,38,76.4,53.4,105.8
2028,COVID-19,Females,Non-Metropolitan District,E07000069,Castle Point,25,40.5,26,60
2029,COVID-19,Females,Non-Metropolitan District,E07000070,Chelmsford,66,64.1,49.5,81.7
2030,COVID-19,Females,Non-Metropolitan District,E07000071,Colchester,45,45.9,33.4,61.4
2031,COVID-19,Females,Non-Metropolitan District,E07000072,Epping Forest,73,85.5,66.7,107.8
2032,COVID-19,Females,Non-Metropolitan District,E07000073,Harlow,30,70.4,47.1,101.1
2033,COVID-19,Females,Non-Metropolitan District,E07000074,Maldon,15,33.1,18.5,54.7
2034,COVID-19,Females,Non-Metropolitan District,E07000075,Rochford,25,42,27.1,62.2
2035,COVID-19,Females,Non-Metropolitan District,E07000076,Tendring,58,43.6,32.9,56.6
2036,COVID-19,Females,Non-Metropolitan District,E07000077,Uttlesford,21,33.1,20.3,50.9
2037,COVID-19,Females,Non-Metropolitan District,E07000078,Cheltenham,70,87.3,67.6,110.8
2038,COVID-19,Females,Non-Metropolitan District,E07000079,Cotswold,25,35.5,22.8,52.7
2039,COVID-19,Females,Non-Metropolitan District,E07000080,Forest of Dean,22,36,22.5,54.5
2040,COVID-19,Females,Non-Metropolitan District,E07000081,Gloucester,60,84.1,64,108.5
2041,COVID-19,Females,Non-Metropolitan District,E07000082,Stroud,40,50.5,36,68.9
2042,COVID-19,Females,Non-Metropolitan District,E07000083,Tewkesbury,52,78,58.1,102.4
2043,COVID-19,Females,Non-Metropolitan District,E07000084,Basingstoke and Deane,47,52.5,38.6,69.9
2044,COVID-19,Females,Non-Metropolitan District,E07000085,East Hampshire,31,32.5,22,46.3
2045,COVID-19,Females,Non-Metropolitan District,E07000086,Eastleigh,45,54,39.2,72.4
2046,COVID-19,Females,Non-Metropolitan District,E07000087,Fareham,43,48.8,35.1,66.1
2047,COVID-19,Females,Non-Metropolitan District,E07000088,Gosport,30,58.8,39.4,84.2
2048,COVID-19,Females,Non-Metropolitan District,E07000089,Hart,9,15,6.8,28.5
2049,COVID-19,Females,Non-Metropolitan District,E07000090,Havant,37,40.9,28.6,56.7
2050,COVID-19,Females,Non-Metropolitan District,E07000091,New Forest,59,32.1,24.2,41.8
2051,COVID-19,Females,Non-Metropolitan District,E07000092,Rushmoor,36,79.4,55.4,110.3
2052,COVID-19,Females,Non-Metropolitan District,E07000093,Test Valley,49,60.4,44.4,80.3
2053,COVID-19,Females,Non-Metropolitan District,E07000094,Winchester,47,50.8,37.1,67.9
2054,COVID-19,Females,Non-Metropolitan District,E07000095,Broxbourne,32,57.4,39,81.2
2055,COVID-19,Females,Non-Metropolitan District,E07000096,Dacorum,47,55,40.2,73.5
2056,COVID-19,Females,Non-Metropolitan District,E07000098,Hertsmere,91,137.9,110.5,170
2057,COVID-19,Females,Non-Metropolitan District,E07000099,North Hertfordshire,38,45.5,32,62.7
2058,COVID-19,Females,Non-Metropolitan District,E07000102,Three Rivers,33,60.6,41.4,85.6
2059,COVID-19,Females,Non-Metropolitan District,E07000103,Watford,55,128.6,96.4,168
2060,COVID-19,Females,Non-Metropolitan District,E07000105,Ashford,39,51.9,36.8,71
2061,COVID-19,Females,Non-Metropolitan District,E07000106,Canterbury,45,41.3,29.9,55.6
2062,COVID-19,Females,Non-Metropolitan District,E07000107,Dartford,44,89.7,64.9,120.7
2063,COVID-19,Females,Non-Metropolitan District,E07000108,Dover,37,47,32.9,65.1
2064,COVID-19,Females,Non-Metropolitan District,E07000109,Gravesham,30,53,35.6,75.9
2065,COVID-19,Females,Non-Metropolitan District,E07000110,Maidstone,44,41,29.7,55.1
2066,COVID-19,Females,Non-Metropolitan District,E07000111,Sevenoaks,43,52.2,37.5,70.6
2067,COVID-19,Females,Non-Metropolitan District,E07000112,Folkestone and Hythe,37,43.6,30.3,60.7
2068,COVID-19,Females,Non-Metropolitan District,E07000113,Swale,48,60.5,44.6,80.3
2069,COVID-19,Females,Non-Metropolitan District,E07000114,Thanet,56,56.1,42.2,73
2070,COVID-19,Females,Non-Metropolitan District,E07000115,Tonbridge and Malling,27,36.7,24.1,53.5
2071,COVID-19,Females,Non-Metropolitan District,E07000116,Tunbridge Wells,28,33.7,22.1,49.1
2072,COVID-19,Females,Non-Metropolitan District,E07000117,Burnley,25,54.5,35.2,80.6
2073,COVID-19,Females,Non-Metropolitan District,E07000118,Chorley,35,56.1,39.1,78
2074,COVID-19,Females,Non-Metropolitan District,E07000119,Fylde,38,55.3,38.8,76.4
2075,COVID-19,Females,Non-Metropolitan District,E07000120,Hyndburn,27,63,41.5,91.8
2076,COVID-19,Females,Non-Metropolitan District,E07000121,Lancaster,24,27.4,17.5,40.8
2077,COVID-19,Females,Non-Metropolitan District,E07000122,Pendle,29,62.2,41.6,89.2
2078,COVID-19,Females,Non-Metropolitan District,E07000123,Preston,45,72,52.4,96.6
2079,COVID-19,Females,Non-Metropolitan District,E07000124,Ribble Valley,8,18.2,7.8,36
2080,COVID-19,Females,Non-Metropolitan District,E07000125,Rossendale,25,67.9,43.9,100.4
2081,COVID-19,Females,Non-Metropolitan District,E07000126,South Ribble,29,42,28.1,60.2
2082,COVID-19,Females,Non-Metropolitan District,E07000127,West Lancashire,47,62.9,46,83.8
2083,COVID-19,Females,Non-Metropolitan District,E07000128,Wyre,45,46.1,33.5,61.9
2084,COVID-19,Females,Non-Metropolitan District,E07000129,Blaby,26,41.6,27.1,61.2
2085,COVID-19,Females,Non-Metropolitan District,E07000130,Charnwood,48,48.5,35.7,64.4
2086,COVID-19,Females,Non-Metropolitan District,E07000131,Harborough,27,44,28.9,64.2
2087,COVID-19,Females,Non-Metropolitan District,E07000132,Hinckley and Bosworth,40,55.2,39.4,75.2
2088,COVID-19,Females,Non-Metropolitan District,E07000133,Melton,13,38.9,20.6,66.7
2089,COVID-19,Females,Non-Metropolitan District,E07000134,North West Leicestershire,27,47.6,31.3,69.4
2090,COVID-19,Females,Non-Metropolitan District,E07000135,Oadby and Wigston,24,53.5,33.8,80.4
2091,COVID-19,Females,Non-Metropolitan District,E07000136,Boston,10,24.5,11.6,45.2
2092,COVID-19,Females,Non-Metropolitan District,E07000137,East Lindsey,25,22.8,14.7,33.8
2093,COVID-19,Females,Non-Metropolitan District,E07000138,Lincoln,8,15.4,6.5,30.6
2094,COVID-19,Females,Non-Metropolitan District,E07000139,North Kesteven,20,25.7,15.7,39.8
2095,COVID-19,Females,Non-Metropolitan District,E07000140,South Holland,24,36.4,23.2,54.4
2096,COVID-19,Females,Non-Metropolitan District,E07000141,South Kesteven,19,20.1,12,31.4
2097,COVID-19,Females,Non-Metropolitan District,E07000142,West Lindsey,8,12.7,5.5,25
2098,COVID-19,Females,Non-Metropolitan District,E07000143,Breckland,33,29,19.9,40.7
2099,COVID-19,Females,Non-Metropolitan District,E07000144,Broadland,35,33,22.9,46.1
2100,COVID-19,Females,Non-Metropolitan District,E07000145,Great Yarmouth,19,26.2,15.7,41.1
2101,COVID-19,Females,Non-Metropolitan District,E07000146,King's Lynn and West Norfolk,57,50.1,37.8,65.1
2102,COVID-19,Females,Non-Metropolitan District,E07000147,North Norfolk,18,15.2,8.9,24.2
2103,COVID-19,Females,Non-Metropolitan District,E07000148,Norwich,10,13.3,6.2,24.7
2104,COVID-19,Females,Non-Metropolitan District,E07000149,South Norfolk,23,21.6,13.6,32.4
2105,COVID-19,Females,Non-Metropolitan District,E07000150,Corby,25,87.8,56.7,129.6
2106,COVID-19,Females,Non-Metropolitan District,E07000151,Daventry,29,60.8,40.7,87
2107,COVID-19,Females,Non-Metropolitan District,E07000152,East Northamptonshire,43,76.4,55.1,103.1
2108,COVID-19,Females,Non-Metropolitan District,E07000153,Kettering,38,67.2,47.5,92.4
2109,COVID-19,Females,Non-Metropolitan District,E07000154,Northampton,105,97.9,79,116.7
2110,COVID-19,Females,Non-Metropolitan District,E07000155,South Northamptonshire,22,41.9,26.2,63.4
2111,COVID-19,Females,Non-Metropolitan District,E07000156,Wellingborough,28,67.2,44.6,97.2
2112,COVID-19,Females,Non-Metropolitan District,E07000163,Craven,32,64.5,43.7,91.7
2113,COVID-19,Females,Non-Metropolitan District,E07000164,Hambleton,29,40.2,26.9,57.7
2114,COVID-19,Females,Non-Metropolitan District,E07000165,Harrogate,60,44.8,33.9,57.9
2115,COVID-19,Females,Non-Metropolitan District,E07000166,Richmondshire,17,53.8,31.2,86.2
2116,COVID-19,Females,Non-Metropolitan District,E07000167,Ryedale,12,26.6,13.7,46.7
2117,COVID-19,Females,Non-Metropolitan District,E07000168,Scarborough,33,36.7,25.2,51.6
2118,COVID-19,Females,Non-Metropolitan District,E07000169,Selby,18,35.2,20.8,55.7
2119,COVID-19,Females,Non-Metropolitan District,E07000170,Ashfield,57,83.1,62.9,107.7
2120,COVID-19,Females,Non-Metropolitan District,E07000171,Bassetlaw,20,26.4,16.1,40.8
2121,COVID-19,Females,Non-Metropolitan District,E07000172,Broxtowe,43,58.7,42.4,79.1
2122,COVID-19,Females,Non-Metropolitan District,E07000173,Gedling,59,80.7,61.3,104.3
2123,COVID-19,Females,Non-Metropolitan District,E07000174,Mansfield,22,35.5,22.2,53.7
2124,COVID-19,Females,Non-Metropolitan District,E07000175,Newark and Sherwood,41,53.1,38.1,72.1
2125,COVID-19,Females,Non-Metropolitan District,E07000176,Rushcliffe,34,40.1,27.6,56.2
2126,COVID-19,Females,Non-Metropolitan District,E07000177,Cherwell,54,62.4,46.8,81.5
2127,COVID-19,Females,Non-Metropolitan District,E07000178,Oxford,31,49.2,33,70.4
2128,COVID-19,Females,Non-Metropolitan District,E07000179,South Oxfordshire,56,58.4,44,75.9
2129,COVID-19,Females,Non-Metropolitan District,E07000180,Vale of White Horse,51,56.9,42.2,75
2130,COVID-19,Females,Non-Metropolitan District,E07000181,West Oxfordshire,57,71.3,53.8,92.6
2131,COVID-19,Females,Non-Metropolitan District,E07000187,Mendip,9,10.9,4.9,20.8
2132,COVID-19,Females,Non-Metropolitan District,E07000188,Sedgemoor,27,29.9,19.5,43.6
2133,COVID-19,Females,Non-Metropolitan District,E07000189,South Somerset,21,15.4,9.5,23.6
2134,COVID-19,Females,Non-Metropolitan District,E07000192,Cannock Chase,27,47.8,31.5,69.6
2135,COVID-19,Females,Non-Metropolitan District,E07000193,East Staffordshire,58,84.4,63.9,109.3
2136,COVID-19,Females,Non-Metropolitan District,E07000194,Lichfield,57,80.6,60.9,104.5
2137,COVID-19,Females,Non-Metropolitan District,E07000195,Newcastle-under-Lyme,66,81.1,62.6,103.4
2138,COVID-19,Females,Non-Metropolitan District,E07000196,South Staffordshire,41,50,35.8,67.8
2139,COVID-19,Females,Non-Metropolitan District,E07000197,Stafford,48,52.4,38.6,69.5
2140,COVID-19,Females,Non-Metropolitan District,E07000198,Staffordshire Moorlands,20,29.4,17.9,45.5
2141,COVID-19,Females,Non-Metropolitan District,E07000199,Tamworth,22,54.4,34.1,82.4
2142,COVID-19,Females,Non-Metropolitan District,E07000200,Babergh,21,28.9,17.5,44.8
2143,COVID-19,Females,Non-Metropolitan District,E07000202,Ipswich,52,69.6,51.7,91.7
2144,COVID-19,Females,Non-Metropolitan District,E07000203,Mid Suffolk,21,27.6,17,42.2
2145,COVID-19,Females,Non-Metropolitan District,E07000207,Elmbridge,46,52.7,38.1,70.7
2146,COVID-19,Females,Non-Metropolitan District,E07000208,Epsom and Ewell,32,68.1,46.4,96.4
2147,COVID-19,Females,Non-Metropolitan District,E07000209,Guildford,42,50.4,36.1,68.5
2148,COVID-19,Females,Non-Metropolitan District,E07000210,Mole Valley,43,62.2,44.7,84.2
2149,COVID-19,Females,Non-Metropolitan District,E07000211,Reigate and Banstead,84,84.3,66.7,104.9
2150,COVID-19,Females,Non-Metropolitan District,E07000212,Runnymede,30,55.1,36.9,79.1
2151,COVID-19,Females,Non-Metropolitan District,E07000213,Spelthorne,35,57,39.5,79.5
2152,COVID-19,Females,Non-Metropolitan District,E07000214,Surrey Heath,42,68.9,49.4,93.4
2153,COVID-19,Females,Non-Metropolitan District,E07000215,Tandridge,39,61.8,43.6,85
2154,COVID-19,Females,Non-Metropolitan District,E07000216,Waverley,54,51.5,38.2,67.7
2155,COVID-19,Females,Non-Metropolitan District,E07000217,Woking,30,50.6,33.9,72.6
2156,COVID-19,Females,Non-Metropolitan District,E07000218,North Warwickshire,30,72,48.4,102.9
2157,COVID-19,Females,Non-Metropolitan District,E07000219,Nuneaton and Bedworth,55,79.1,59.5,103.1
2158,COVID-19,Females,Non-Metropolitan District,E07000220,Rugby,34,52.7,36.2,73.9
2159,COVID-19,Females,Non-Metropolitan District,E07000221,Stratford-on-Avon,75,69.9,54.7,87.8
2160,COVID-19,Females,Non-Metropolitan District,E07000222,Warwick,40,43,30.6,58.8
2161,COVID-19,Females,Non-Metropolitan District,E07000223,Adur,12,27.3,13.9,48.1
2162,COVID-19,Females,Non-Metropolitan District,E07000224,Arun,21,13.9,8.6,21.4
2163,COVID-19,Females,Non-Metropolitan District,E07000225,Chichester,34,29.8,20.4,41.9
2164,COVID-19,Females,Non-Metropolitan District,E07000226,Crawley,37,68.9,48.2,95.4
2165,COVID-19,Females,Non-Metropolitan District,E07000227,Horsham,50,47.9,35.4,63.3
2166,COVID-19,Females,Non-Metropolitan District,E07000228,Mid Sussex,90,86,68.9,106.1
2167,COVID-19,Females,Non-Metropolitan District,E07000229,Worthing,36,38,26.3,53
2168,COVID-19,Females,Non-Metropolitan District,E07000234,Bromsgrove,61,81.3,61.8,104.9
2169,COVID-19,Females,Non-Metropolitan District,E07000235,Malvern Hills,23,34.4,21.5,52
2170,COVID-19,Females,Non-Metropolitan District,E07000236,Redditch,24,56.7,36.3,84.5
2171,COVID-19,Females,Non-Metropolitan District,E07000237,Worcester,30,54.2,36.4,77.7
2172,COVID-19,Females,Non-Metropolitan District,E07000238,Wychavon,47,48.4,35.4,64.6
2173,COVID-19,Females,Non-Metropolitan District,E07000239,Wyre Forest,57,81.8,61.7,106.3
2174,COVID-19,Females,Non-Metropolitan District,E07000240,St Albans,57,70.9,53.2,92.3
2175,COVID-19,Females,Non-Metropolitan District,E07000241,Welwyn Hatfield,40,58.9,41.5,81
2176,COVID-19,Females,Non-Metropolitan District,E07000242,East Hertfordshire,39,43.7,31,59.8
2177,COVID-19,Females,Non-Metropolitan District,E07000243,Stevenage,16,36,20.2,58.9
2178,COVID-19,Females,Non-Metropolitan District,E07000244,East Suffolk,89,43.2,34.5,53.4
2179,COVID-19,Females,Non-Metropolitan District,E07000245,West Suffolk,30,23.8,16,34
2180,COVID-19,Females,Non-Metropolitan District,E07000246,Somerset West and Taunton,16,12.2,6.8,19.9
2181,COVID-19,Females,Metropolitan District,E08000001,Bolton,150,106.8,89.7,123.9
2182,COVID-19,Females,Metropolitan District,E08000002,Bury,95,91,73.6,111.3
2183,COVID-19,Females,Metropolitan District,E08000003,Manchester,156,98.8,83.1,114.4
2184,COVID-19,Females,Metropolitan District,E08000004,Oldham,114,102.3,83.5,121.1
2185,COVID-19,Females,Metropolitan District,E08000005,Rochdale,84,79.3,63.2,98.3
2186,COVID-19,Females,Metropolitan District,E08000006,Salford,150,134.3,112.7,155.9
2187,COVID-19,Females,Metropolitan District,E08000007,Stockport,150,81.1,68,94.1
2188,COVID-19,Females,Metropolitan District,E08000008,Tameside,112,100.3,81.7,119
2189,COVID-19,Females,Metropolitan District,E08000009,Trafford,112,82.1,66.6,97.5
2190,COVID-19,Females,Metropolitan District,E08000010,Wigan,141,85.9,71.6,100.1
2191,COVID-19,Females,Metropolitan District,E08000011,Knowsley,68,85.3,66,108.4
2192,COVID-19,Females,Metropolitan District,E08000012,Liverpool,234,107.4,93.5,121.3
2193,COVID-19,Females,Metropolitan District,E08000013,St. Helens,80,77.4,61.3,96.4
2194,COVID-19,Females,Metropolitan District,E08000014,Sefton,114,54.3,44.1,64.5
2195,COVID-19,Females,Metropolitan District,E08000015,Wirral,187,84.9,72.6,97.1
2196,COVID-19,Females,Metropolitan District,E08000016,Barnsley,102,73.3,59,87.6
2197,COVID-19,Females,Metropolitan District,E08000017,Doncaster,111,64.2,52.2,76.3
2198,COVID-19,Females,Metropolitan District,E08000018,Rotherham,134,87.6,72.7,102.5
2199,COVID-19,Females,Metropolitan District,E08000019,Sheffield,273,91.5,80.5,102.4
2200,COVID-19,Females,Metropolitan District,E08000021,Newcastle upon Tyne,112,79.1,64.2,93.9
2201,COVID-19,Females,Metropolitan District,E08000022,North Tyneside,78,60.1,47.4,75.1
2202,COVID-19,Females,Metropolitan District,E08000023,South Tyneside,89,92.2,73.9,113.7
2203,COVID-19,Females,Metropolitan District,E08000024,Sunderland,179,114.5,97.5,131.5
2204,COVID-19,Females,Metropolitan District,E08000025,Birmingham,489,102.9,93.7,112.2
2205,COVID-19,Females,Metropolitan District,E08000026,Coventry,120,76.2,62.5,90
2206,COVID-19,Females,Metropolitan District,E08000027,Dudley,120,62.7,51.4,74
2207,COVID-19,Females,Metropolitan District,E08000028,Sandwell,142,93.1,77.7,108.5
2208,COVID-19,Females,Metropolitan District,E08000029,Solihull,118,76.9,62.7,91
2209,COVID-19,Females,Metropolitan District,E08000030,Walsall,157,100.5,84.6,116.3
2210,COVID-19,Females,Metropolitan District,E08000031,Wolverhampton,124,89.2,73.3,105.1
2211,COVID-19,Females,Metropolitan District,E08000032,Bradford,201,80.9,69.6,92.2
2212,COVID-19,Females,Metropolitan District,E08000033,Calderdale,44,36.3,26.3,48.8
2213,COVID-19,Females,Metropolitan District,E08000034,Kirklees,111,48,39,56.9
2214,COVID-19,Females,Metropolitan District,E08000035,Leeds,314,83.8,74.4,93.1
2215,COVID-19,Females,Metropolitan District,E08000036,Wakefield,141,73.5,61.3,85.7
2216,COVID-19,Females,Metropolitan District,E08000037,Gateshead,103,83.9,67.5,100.2
2217,COVID-19,Females,London Borough,E09000001,City of London,2,:,:,:
2218,COVID-19,Females,London Borough,E09000002,Barking and Dagenham,72,99.8,77.7,126.2
2219,COVID-19,Females,London Borough,E09000003,Barnet,175,90,76.4,103.6
2220,COVID-19,Females,London Borough,E09000004,Bexley,91,63.2,50.6,77.9
2221,COVID-19,Females,London Borough,E09000005,Brent,185,150.7,128.7,172.6
2222,COVID-19,Females,London Borough,E09000006,Bromley,144,73.2,61.1,85.4
2223,COVID-19,Females,London Borough,E09000007,Camden,65,66.1,50.9,84.5
2224,COVID-19,Females,London Borough,E09000008,Croydon,199,120.1,103.3,136.9
2225,COVID-19,Females,London Borough,E09000009,Ealing,154,115.3,96.9,133.6
2226,COVID-19,Females,London Borough,E09000010,Enfield,147,101.8,85.2,118.4
2227,COVID-19,Females,London Borough,E09000011,Greenwich,102,108.9,87.5,130.3
2228,COVID-19,Females,London Borough,E09000012,Hackney,83,127.6,101.1,158.8
2229,COVID-19,Females,London Borough,E09000013,Hammersmith and Fulham,69,113.1,87.8,143.3
2230,COVID-19,Females,London Borough,E09000014,Haringey,88,109.4,87.5,135
2231,COVID-19,Females,London Borough,E09000015,Harrow,162,137,115.7,158.3
2232,COVID-19,Females,London Borough,E09000016,Havering,104,65.1,52.3,78
2233,COVID-19,Females,London Borough,E09000017,Hillingdon,148,115.7,96.9,134.6
2234,COVID-19,Females,London Borough,E09000018,Hounslow,78,77.6,61.2,97.1
2235,COVID-19,Females,London Borough,E09000019,Islington,72,113.4,88.5,143.2
2236,COVID-19,Females,London Borough,E09000020,Kensington and Chelsea,48,68.4,50.4,90.7
2237,COVID-19,Females,London Borough,E09000021,Kingston upon Thames,57,68.8,51.7,89.6
2238,COVID-19,Females,London Borough,E09000022,Lambeth,105,115.5,92.9,138.1
2239,COVID-19,Females,London Borough,E09000023,Lewisham,108,114.9,92.8,136.9
2240,COVID-19,Females,London Borough,E09000024,Merton,81,95.5,75.6,118.9
2241,COVID-19,Females,London Borough,E09000025,Newham,103,127.2,102,152.5
2242,COVID-19,Females,London Borough,E09000026,Redbridge,116,95,77.5,112.6
2243,COVID-19,Females,London Borough,E09000027,Richmond upon Thames,66,63.3,48.6,80.8
2244,COVID-19,Females,London Borough,E09000028,Southwark,104,122.8,98.9,146.8
2245,COVID-19,Females,London Borough,E09000029,Sutton,83,80,63.5,99.4
2246,COVID-19,Females,London Borough,E09000030,Tower Hamlets,79,131.2,103.4,164
2247,COVID-19,Females,London Borough,E09000031,Waltham Forest,95,95.8,77.2,117.4
2248,COVID-19,Females,London Borough,E09000032,Wandsworth,81,82.1,65,102.2
2249,COVID-19,Females,London Borough,E09000033,Westminster,76,78.2,61.5,97.9
2250,COVID-19,Females,County,E10000003,Cambridgeshire,171,44.5,37.8,51.3
2251,COVID-19,Females,County,E10000006,Cumbria,217,59.7,51.7,67.7
2252,COVID-19,Females,County,E10000007,Derbyshire,320,63,56.1,69.9
2253,COVID-19,Females,County,E10000008,Devon,94,14.8,11.9,18.2
2254,COVID-19,Females,County,E10000011,East Sussex,152,29.8,25,34.7
2255,COVID-19,Females,County,E10000012,Essex,525,56.1,51.3,60.9
2256,COVID-19,Females,County,E10000013,Gloucestershire,269,62.9,55.3,70.5
2257,COVID-19,Females,County,E10000014,Hampshire,433,45.4,41.1,49.8
2258,COVID-19,Females,County,E10000015,Hertfordshire,448,66.7,60.4,72.9
2259,COVID-19,Females,County,E10000016,Kent,478,49,44.6,53.4
2260,COVID-19,Females,County,E10000017,Lancashire,377,51,45.8,56.2
2261,COVID-19,Females,County,E10000018,Leicestershire,205,47.6,41,54.1
2262,COVID-19,Females,County,E10000019,Lincolnshire,114,22.9,18.6,27.1
2263,COVID-19,Females,County,E10000020,Norfolk,195,28.1,24.1,32.1
2264,COVID-19,Females,County,E10000021,Northamptonshire,290,74.5,65.9,83.1
2265,COVID-19,Females,County,E10000023,North Yorkshire,201,42.8,36.8,48.7
2266,COVID-19,Females,County,E10000024,Nottinghamshire,276,53.8,47.4,60.2
2267,COVID-19,Females,County,E10000025,Oxfordshire,249,59.9,52.4,67.4
2268,COVID-19,Females,County,E10000027,Somerset,73,16.6,12.9,20.9
2269,COVID-19,Females,County,E10000028,Staffordshire,339,60.7,54.2,67.2
2270,COVID-19,Females,County,E10000029,Suffolk,213,38.2,33,43.4
2271,COVID-19,Females,County,E10000030,Surrey,477,59.9,54.5,65.4
2272,COVID-19,Females,County,E10000031,Warwickshire,234,63,54.9,71.2
2273,COVID-19,Females,County,E10000032,West Sussex,280,42.1,37.1,47.2
2274,COVID-19,Females,County,E10000034,Worcestershire,242,59.8,52.2,67.4
2275,COVID-19,Females,Metropolitan County,E11000001,Greater Manchester,1264,95.1,89.8,100.3
2276,COVID-19,Females,Metropolitan County,E11000002,Merseyside,683,82,75.8,88.2
2277,COVID-19,Females,Metropolitan County,E11000003,South Yorkshire,620,81.2,74.8,87.6
2278,COVID-19,Females,Metropolitan County,E11000005,West Midlands,1270,89.3,84.3,94.3
2279,COVID-19,Females,Metropolitan County,E11000006,West Yorkshire,811,69.5,64.7,74.3
2280,COVID-19,Females,Metropolitan County,E11000007,Tyne and Wear,561,87.1,79.9,94.4
2281,COVID-19,Females,Region,E12000001,North East,1325,84.6,80,89.2
2282,COVID-19,Females,Region,E12000002,North West,3152,77.1,74.4,79.8
2283,COVID-19,Females,Region,E12000003,Yorkshire and The Humber,1933,62.3,59.5,65.1
2284,COVID-19,Females,Region,E12000004,East Midlands,1531,55.1,52.3,57.9
2285,COVID-19,Females,Region,E12000005,West Midlands,2352,70.5,67.6,73.4
2286,COVID-19,Females,Region,E12000006,East of England,1933,50.6,48.3,52.9
2287,COVID-19,Females,Region,E12000007,London,3342,98.2,94.9,101.6
2288,COVID-19,Females,Region,E12000008,South East,2984,51.7,49.8,53.5
2289,COVID-19,Females,Region,E12000009,South West,1238,31.2,29.5,33
2290,COVID-19,Females,Country,E92000001,England,19790,62.5,61.6,63.4
2291,COVID-19,Females,Other,J99000001,Usual residence outside England and Wales,25,z,z,z
2292,COVID-19,Females,Country,"K04000001, J99000001","ENGLAND, WALES AND ELSEWHERE",20850,62.1,61.2,62.9
2293,COVID-19,Females,Unitary Authority,W06000001,Isle of Anglesey,19,33.9,20.3,53
2294,COVID-19,Females,Unitary Authority,W06000002,Gwynedd,35,42,29.1,58.7
2295,COVID-19,Females,Unitary Authority,W06000003,Conwy,28,28.1,18.4,40.9
2296,COVID-19,Females,Unitary Authority,W06000004,Denbighshire,37,62,43.5,85.6
2297,COVID-19,Females,Unitary Authority,W06000005,Flintshire,40,43.9,31.3,59.8
2298,COVID-19,Females,Unitary Authority,W06000006,Wrexham,30,39.2,26.4,56
2299,COVID-19,Females,Unitary Authority,W06000008,Ceredigion,2,:,:,:
2300,COVID-19,Females,Unitary Authority,W06000009,Pembrokeshire,17,17.8,10.3,28.5
2301,COVID-19,Females,Unitary Authority,W06000010,Carmarthenshire,38,30,21.2,41.2
2302,COVID-19,Females,Unitary Authority,W06000011,Swansea,100,65.3,52.3,78.2
2303,COVID-19,Females,Unitary Authority,W06000012,Neath Port Talbot,45,51.4,37.5,68.8
2304,COVID-19,Females,Unitary Authority,W06000013,Bridgend,42,51,36.6,69
2305,COVID-19,Females,Unitary Authority,W06000014,Vale of Glamorgan,34,40.4,27.9,56.6
2306,COVID-19,Females,Unitary Authority,W06000015,Cardiff,156,89.2,75,103.4
2307,COVID-19,Females,Unitary Authority,W06000016,Rhondda Cynon Taf,140,105.3,87.9,122.8
2308,COVID-19,Females,Unitary Authority,W06000018,Caerphilly,51,53,39.4,69.8
2309,COVID-19,Females,Unitary Authority,W06000019,Blaenau Gwent,20,50.8,31.1,78.5
2310,COVID-19,Females,Unitary Authority,W06000020,Torfaen,32,54.6,37.2,77.2
2311,COVID-19,Females,Unitary Authority,W06000021,Monmouthshire,34,46.8,32.2,65.7
2312,COVID-19,Females,Unitary Authority,W06000022,Newport,70,88.2,68.7,111.6
2313,COVID-19,Females,Unitary Authority,W06000023,Powys,44,43.1,31,58.3
2314,COVID-19,Females,Unitary Authority,W06000024,Merthyr Tydfil,21,66.9,41.3,102.4
2315,COVID-19,Females,Local Health Board,W11000023,Betsi Cadwaladr University Health Board,189,40.1,34.4,45.9
2316,COVID-19,Females,Local Health Board,W11000024,Powys Teaching Health Board,44,43.1,31,58.3
2317,COVID-19,Females,Local Health Board,W11000025,Hywel Dda University Health Board,57,20.8,15.8,27
2318,COVID-19,Females,Local Health Board,W11000028,Aneurin Bevan University Health Board,207,60.4,52.1,68.6
2319,COVID-19,Females,Local Health Board,W11000029,Cardiff and Vale University Health Board,190,72.8,62.3,83.2
2320,COVID-19,Females,Local Health Board,W11000030,Cwm Taf Morgannwg University Health Board,203,82.2,70.8,93.5
2321,COVID-19,Females,Local Health Board,W11000031,Swansea Bay University Health Board,145,60.2,50.3,70
2322,COVID-19,Females,Country,W92000004,Wales,1035,53.2,49.9,56.4
